DateTime,PropMode,Distance
03/01/2014 20:06,MS,764.7
03/01/2014 21:25,MS,678.5
03/01/2014 21:25,MS,890.2
12/01/2014 09:27,Tropo,185.3
12/01/2014 10:45,Tropo,271.6
19/01/2014 17:29,MS,569.8
19/01/2014 17:29,MS,639.5
19/01/2014 17:29,MS,675.1
20/01/2014 11:17,MS,487.3
21/01/2014 14:28,MS,1300.5
25/01/2014 12:53,Tropo,304.8
25/01/2014 12:59,Tropo,269.6
25/01/2014 18:42,MS,569.8
25/01/2014 18:42,MS,639.5
25/01/2014 18:42,MS,675.1
28/01/2014 15:20,MS,890.2
28/01/2014 17:15,MS,870
05/03/2014 22:02,Tropo,180.1
10/03/2014 21:10,Tropo,304.8
11/03/2014 20:45,Tropo,304.8
12/03/2014 17:52,Tropo,271.6
12/03/2014 18:07,Tropo,261.5
12/03/2014 18:25,Tropo,277.2
12/03/2014 18:56,Tropo,160.9
12/03/2014 19:11,Tropo,180.1
12/03/2014 19:14,Tropo,84.8
12/03/2014 20:08,Tropo,135.5
12/03/2014 20:11,Tropo,146.6
12/03/2014 20:18,Tropo,130.2
13/03/2014 12:39,Tropo,283.7
13/03/2014 12:50,Tropo,271.6
13/03/2014 16:54,Tropo,271.1
13/03/2014 16:56,Tropo,94.9
13/03/2014 17:41,Tropo,271.6
13/03/2014 20:21,Tropo,100.1
13/03/2014 20:40,Tropo,83.4
13/03/2014 20:47,Tropo,135.1
14/03/2014 21:01,Tropo,304.8
15/03/2014 17:42,Tropo,180.1
15/03/2014 17:48,Tropo,108.7
15/03/2014 21:14,Tropo,226.9
15/03/2014 21:16,Tropo,304.8
15/03/2014 22:34,Tropo,269.6
15/03/2014 22:35,Tropo,301.4
15/03/2014 22:41,Tropo,420.7
15/03/2014 22:54,Tropo,271.6
16/03/2014 08:39,Tropo,271.6
19/03/2014 20:30,Tropo,269.6
19/03/2014 20:54,Tropo,271.6
16/04/2014 07:15,Tropo,304.8
16/04/2014 07:43,Tropo,118.1
16/04/2014 09:44,Tropo,269.6
16/04/2014 09:44,Tropo,271.6
16/04/2014 10:51,Tropo,301.4
20/04/2014 19:36,MS,1244.6
22/04/2014 09:11,MS,870
22/04/2014 11:19,MS,875.7
26/04/2014 08:55,Es,1072.8
26/04/2014 08:55,Es,1122
26/04/2014 09:05,Es,1383.7
26/04/2014 09:11,Es,977.8
12/05/2014 21:20,MS,325.6
14/05/2014 17:40,Es,1076.3
14/05/2014 18:04,Es,1300.5
14/05/2014 18:14,Es,1168.3
16/05/2014 14:15,Es,946.9
16/05/2014 14:16,Es,1088.4
16/05/2014 14:22,Es,1149.9
16/05/2014 14:28,Es,1028
16/05/2014 14:29,Es,1376.9
16/05/2014 14:32,Es,916.1
16/05/2014 14:34,Es,1252.1
19/05/2014 17:47,Es,1168.3
19/05/2014 17:54,Es,1168.3
19/05/2014 17:57,Es,1168.3
19/05/2014 18:00,Es,1300.5
19/05/2014 18:03,Es,1300.5
19/05/2014 18:14,Es,1140.9
19/05/2014 18:14,Es,1140.9
19/05/2014 18:14,Es,1140.9
19/05/2014 18:15,Es,1153.4
19/05/2014 18:19,Es,1036.4
19/05/2014 18:19,Es,1036.5
19/05/2014 18:22,Es,1314.4
19/05/2014 18:23,Es,1333.7
19/05/2014 19:22,Es,951.8
21/05/2014 09:46,Es,1300.5
21/05/2014 09:46,Es,1322.9
21/05/2014 09:48,Es,994.4
21/05/2014 09:48,Es,1300.5
22/05/2014 15:55,Es,1300.5
22/05/2014 15:56,Es,1300.5
22/05/2014 15:58,Es,1266.5
22/05/2014 16:00,Es,1266.5
22/05/2014 16:01,Es,1304.5
22/05/2014 16:02,Es,1160.8
22/05/2014 16:02,Es,1266.5
22/05/2014 16:04,Es,1160.8
22/05/2014 16:20,Es,1351.1
22/05/2014 16:22,Es,1122
22/05/2014 16:27,Es,1351.1
22/05/2014 16:48,Es,967.2
22/05/2014 16:52,Es,1044.2
22/05/2014 16:58,Es,715.4
22/05/2014 17:04,Es,1166.8
22/05/2014 17:05,Es,759.7
22/05/2014 17:05,Es,1313
22/05/2014 17:06,Es,1024.6
22/05/2014 17:08,Es,878.3
22/05/2014 17:09,Es,771.9
22/05/2014 17:09,Es,1104.1
22/05/2014 17:12,Es,1090.8
22/05/2014 17:13,Es,977.8
22/05/2014 17:14,Es,1069.3
22/05/2014 17:15,Es,1072.8
22/05/2014 17:15,Es,1312.9
22/05/2014 17:31,Es,754.5
22/05/2014 17:32,Es,893.3
22/05/2014 17:32,Es,902.5
22/05/2014 18:06,Es,1132.7
22/05/2014 18:23,Es,1232.8
22/05/2014 18:26,Es,1300.6
22/05/2014 18:30,Es,1075.8
23/05/2014 10:40,Es,1069.3
23/05/2014 10:40,Es,1072.8
23/05/2014 10:48,Es,1383.7
23/05/2014 10:51,Es,1177.9
23/05/2014 14:21,Es,1060.4
24/05/2014 15:44,Es,1209.7
24/05/2014 15:46,Es,1209.7
24/05/2014 16:15,Es,1483.3
24/05/2014 16:19,Es,1483.3
24/05/2014 16:27,Es,1075.8
24/05/2014 18:22,Es,1314.4
24/05/2014 18:38,Es,1363.2
24/05/2014 18:52,Es,1191.8
24/05/2014 18:55,Es,1266.5
24/05/2014 18:55,Es,1266.5
24/05/2014 18:57,Es,1266.5
24/05/2014 19:06,Es,1300.5
25/05/2014 08:37,MS,881.5
26/05/2014 16:29,MS,602
26/05/2014 16:29,MS,713.4
26/05/2014 16:29,MS,776
27/05/2014 17:07,Es,878.3
28/05/2014 10:18,Es,1076.3
28/05/2014 10:21,Es,1022
28/05/2014 10:28,Es,870
28/05/2014 10:35,Es,881.9
28/05/2014 10:44,Es,969.2
28/05/2014 10:44,Es,977
28/05/2014 10:50,Es,989.9
28/05/2014 10:52,Es,728.5
28/05/2014 10:53,Es,767.9
28/05/2014 11:02,Es,981.6
28/05/2014 11:03,Es,881.6
28/05/2014 11:03,Es,885.3
28/05/2014 11:05,Es,807
28/05/2014 11:11,Es,819.5
28/05/2014 11:12,Es,1060.4
28/05/2014 11:13,Es,819.5
28/05/2014 11:14,Es,972.6
28/05/2014 11:22,Es,763.9
28/05/2014 11:23,Es,859.8
28/05/2014 11:24,Es,896.1
28/05/2014 11:25,Es,895.9
28/05/2014 11:26,Es,831.7
28/05/2014 11:33,Es,1036.5
28/05/2014 11:35,Es,1036.5
28/05/2014 11:35,Es,1153.4
28/05/2014 11:35,Es,1153.4
28/05/2014 11:35,Es,1153.4
28/05/2014 11:36,Es,901.2
28/05/2014 11:36,Es,1304.8
28/05/2014 11:37,Es,952.9
28/05/2014 11:37,Es,1036.5
28/05/2014 11:37,Es,1036.5
28/05/2014 11:38,Es,951.8
28/05/2014 11:55,Es,724.7
31/05/2014 09:30,Tropo,185.3
01/06/2014 15:32,Es,1300.5
02/06/2014 10:16,Es,1022
02/06/2014 10:21,Es,1022
02/06/2014 10:25,Es,978.3
02/06/2014 10:26,Es,774.7
02/06/2014 10:26,Es,1022.3
02/06/2014 10:27,Es,1234.6
02/06/2014 10:28,Es,774.7
02/06/2014 10:35,Es,1016
02/06/2014 10:44,Es,935.2
02/06/2014 10:45,Es,1145.3
02/06/2014 10:47,Es,1118.7
02/06/2014 10:47,Es,1170.3
02/06/2014 10:49,Es,1132.5
02/06/2014 10:49,Es,1181.4
02/06/2014 10:50,Es,1181.4
02/06/2014 10:50,Es,1181.8
02/06/2014 10:56,Es,1138.5
02/06/2014 10:57,Es,959.2
02/06/2014 10:57,Es,1134.8
02/06/2014 11:00,Es,1307.5
02/06/2014 11:06,Es,992.9
02/06/2014 11:08,Es,893.3
02/06/2014 11:08,Es,902.5
02/06/2014 11:17,Es,1247.4
02/06/2014 11:17,Es,1381.3
02/06/2014 11:19,Es,1212.4
02/06/2014 11:20,Es,1209.5
02/06/2014 11:23,Es,916.4
02/06/2014 11:28,Es,1060.4
02/06/2014 11:32,Es,1152.3
02/06/2014 11:43,Es,952.9
02/06/2014 18:10,Es,1464.4
02/06/2014 18:16,Es,951.8
02/06/2014 18:43,Es,1307.5
02/06/2014 18:45,Es,1252.1
02/06/2014 19:15,Es,892.3
02/06/2014 19:18,Es,1089.9
03/06/2014 05:47,Es,1022
03/06/2014 05:48,Es,978.3
03/06/2014 05:52,Es,982
03/06/2014 05:57,Es,1076.3
03/06/2014 05:58,Es,1046.3
03/06/2014 06:00,Es,1291.2
03/06/2014 06:03,Es,1095.8
03/06/2014 06:05,Es,1022
03/06/2014 06:09,Es,1016
03/06/2014 06:19,Es,853.4
03/06/2014 06:30,Es,955.4
03/06/2014 06:30,Es,1090.4
03/06/2014 06:30,Es,1135.4
03/06/2014 06:33,Es,1018
03/06/2014 06:37,Es,1099.1
03/06/2014 06:45,Es,1045.2
03/06/2014 06:50,Es,956.6
03/06/2014 06:50,Es,1224.5
03/06/2014 06:52,Es,956.4
03/06/2014 06:53,Es,1024
03/06/2014 07:01,Es,989.9
03/06/2014 07:04,Es,969.2
03/06/2014 07:05,Es,925.6
03/06/2014 07:06,Es,885.9
03/06/2014 07:06,Es,1137.2
03/06/2014 07:06,Es,1181.4
03/06/2014 07:07,Es,1181.4
03/06/2014 07:08,Es,779.5
03/06/2014 07:08,Es,1131.5
03/06/2014 07:08,Es,1181.8
03/06/2014 07:08,Es,1181.8
03/06/2014 07:13,Es,870
03/06/2014 07:13,Es,992.9
03/06/2014 07:17,Es,1440
03/06/2014 07:23,Es,1145.3
03/06/2014 07:26,Es,1233.1
03/06/2014 07:27,Es,952.9
03/06/2014 07:30,Es,1233.4
03/06/2014 07:31,Es,1028
03/06/2014 07:33,Es,1085.1
03/06/2014 07:34,Es,946.9
03/06/2014 07:35,Es,913.9
03/06/2014 07:36,Es,891
03/06/2014 07:36,Es,1252.1
03/06/2014 07:37,Es,967.2
03/06/2014 07:37,Es,981.6
03/06/2014 07:37,Es,1118.7
03/06/2014 07:38,Es,891
03/06/2014 07:38,Es,1105.3
03/06/2014 07:39,Es,956.9
03/06/2014 07:39,Es,996
03/06/2014 07:39,Es,1083.5
03/06/2014 07:39,Es,1307.5
03/06/2014 07:40,Es,969.2
03/06/2014 07:41,Es,981.6
03/06/2014 07:42,Es,911.3
03/06/2014 07:42,Es,1047.4
03/06/2014 07:42,Es,1162.6
03/06/2014 07:42,Es,1307.4
03/06/2014 07:44,Es,891
03/06/2014 07:44,Es,1196.2
03/06/2014 07:45,Es,916.1
03/06/2014 07:45,Es,969.2
03/06/2014 07:45,Es,1065.1
03/06/2014 07:46,Es,1091.2
03/06/2014 07:46,Es,1138.5
03/06/2014 07:47,Es,942.7
03/06/2014 07:48,Es,728.5
03/06/2014 07:49,Es,882.5
03/06/2014 07:51,Es,1307.5
03/06/2014 07:52,Es,806
03/06/2014 07:52,Es,902.5
03/06/2014 07:52,Es,911.3
03/06/2014 07:58,Es,806
03/06/2014 07:58,Es,902.5
03/06/2014 07:59,Es,893.3
03/06/2014 08:00,Es,891.3
03/06/2014 08:01,Es,776.6
03/06/2014 08:01,Es,806
03/06/2014 08:01,Es,1089.9
03/06/2014 08:02,Es,1015.8
03/06/2014 08:03,Es,1065.1
03/06/2014 08:05,Es,1094
03/06/2014 08:07,Es,891.3
03/06/2014 08:07,Es,1046.6
03/06/2014 08:08,Es,1017.6
03/06/2014 08:08,Es,1094
03/06/2014 08:09,Es,934.2
03/06/2014 08:09,Es,959.2
03/06/2014 08:10,Es,1047.3
03/06/2014 08:10,Es,1107.1
03/06/2014 08:12,Es,905.9
03/06/2014 08:18,Es,788.7
03/06/2014 08:18,Es,788.7
03/06/2014 08:21,Es,1306.3
03/06/2014 08:22,Es,882
03/06/2014 08:32,Es,1149.9
03/06/2014 08:43,Es,951.8
03/06/2014 08:51,Es,916.1
03/06/2014 08:52,Es,933.1
03/06/2014 08:54,Es,972.5
03/06/2014 09:02,Es,859.8
03/06/2014 09:04,Es,992.3
03/06/2014 09:04,Es,1107.4
03/06/2014 09:06,Es,881.5
03/06/2014 09:09,Es,1107.4
04/06/2014 13:55,Es,977.8
04/06/2014 13:58,Es,1106.4
04/06/2014 14:06,Es,910.4
04/06/2014 14:07,Es,900.2
04/06/2014 14:09,Es,907.7
04/06/2014 14:09,Es,1015.3
04/06/2014 14:09,Es,1027.7
04/06/2014 14:11,Es,1015.3
04/06/2014 14:12,Es,1017
04/06/2014 14:14,Es,984
04/06/2014 14:17,Es,1028.7
04/06/2014 14:22,Es,952.9
04/06/2014 14:24,Es,1015.3
04/06/2014 14:28,Es,844.4
04/06/2014 14:28,Es,984
04/06/2014 14:29,Es,837.7
04/06/2014 14:31,Es,846.1
04/06/2014 14:31,Es,863.1
04/06/2014 14:32,Es,1015.3
04/06/2014 14:34,Es,869.8
04/06/2014 14:42,Es,752.4
04/06/2014 14:43,Es,849
04/06/2014 14:45,Es,1015.3
06/06/2014 12:10,Es,1140.9
06/06/2014 12:16,Es,1140.9
06/06/2014 12:22,Es,951.8
06/06/2014 12:23,Es,952.9
06/06/2014 12:30,Es,1145.3
06/06/2014 12:56,Es,1342.4
07/06/2014 15:11,Es,954.2
10/06/2014 17:49,Es,1113.6
11/06/2014 12:40,Es,1033.4
11/06/2014 12:52,Es,848.8
11/06/2014 17:54,MS,875.7
11/06/2014 18:03,Es,977.8
15/06/2014 07:44,Es,1036.4
15/06/2014 13:17,Es,977.8
16/06/2014 19:07,Es,1168.3
16/06/2014 19:08,Es,679
16/06/2014 19:08,Es,684.8
16/06/2014 19:08,Es,738.5
16/06/2014 19:09,Es,690.7
16/06/2014 19:09,Es,739.1
17/06/2014 05:14,Tropo,516.7
17/06/2014 05:15,Tropo,516.7
17/06/2014 05:25,Tropo,516.7
17/06/2014 05:41,Tropo,271.6
17/06/2014 09:16,Es,1322.9
17/06/2014 09:55,Es,1300.5
18/06/2014 14:13,Es,878.3
18/06/2014 14:15,Es,1114.6
18/06/2014 14:15,Es,1114.6
18/06/2014 14:16,Es,1114.6
18/06/2014 14:19,Es,1070.1
18/06/2014 14:33,Es,859.5
18/06/2014 14:33,Es,1122
18/06/2014 14:34,Es,1120.1
18/06/2014 14:47,Es,1351.1
21/06/2014 16:23,Es,1145.3
21/06/2014 16:36,Es,1072.8
21/06/2014 16:36,Es,1122
21/06/2014 16:39,Es,1069.3
21/06/2014 16:39,Es,1069.8
21/06/2014 16:59,Es,1235
21/06/2014 17:06,Es,807.7
21/06/2014 17:06,Es,807.7
21/06/2014 17:11,Es,813.2
21/06/2014 17:11,Es,1160.8
21/06/2014 17:13,Es,1090.9
21/06/2014 17:21,Es,807.7
21/06/2014 17:23,Es,1024.6
21/06/2014 17:24,Es,776.4
21/06/2014 17:25,Es,1160.8
21/06/2014 17:32,Es,919.8
21/06/2014 17:32,Es,974.8
21/06/2014 17:33,Es,973
21/06/2014 17:34,Es,845.7
21/06/2014 17:34,Es,871.9
21/06/2014 17:35,Es,911
21/06/2014 17:44,Es,1033.4
21/06/2014 17:59,Es,1054.8
21/06/2014 18:00,Es,777
21/06/2014 18:03,Es,1021.4
21/06/2014 18:06,Es,1028.7
21/06/2014 18:13,Es,1069.3
21/06/2014 18:13,Es,1077.2
21/06/2014 18:14,Es,1069.3
21/06/2014 18:14,Es,1313
21/06/2014 18:15,Es,1069.3
21/06/2014 18:36,Es,977.8
21/06/2014 18:36,Es,977.8
21/06/2014 18:48,Es,1093.8
22/06/2014 17:07,Es,1160.8
22/06/2014 18:29,Es,1322.9
22/06/2014 18:30,Es,1322.9
22/06/2014 18:58,Es,1007.4
22/06/2014 19:07,Es,1300.5
23/06/2014 06:40,Es,919.8
23/06/2014 06:41,Es,919.8
23/06/2014 15:05,Es,1300.5
23/06/2014 15:08,Es,1300.5
23/06/2014 15:36,Es,1168.3
23/06/2014 18:48,Es,1072.8
24/06/2014 18:40,Es,1160.8
25/06/2014 17:02,Es,869.8
25/06/2014 17:02,Es,910.4
25/06/2014 17:03,Es,837.7
25/06/2014 17:06,Es,844.4
25/06/2014 17:07,Es,1101.2
25/06/2014 17:20,Es,977.8
25/06/2014 17:20,Es,977.8
25/06/2014 17:25,Es,1042.4
25/06/2014 17:27,Es,889.1
27/06/2014 20:35,Es,1300.5
28/06/2014 07:45,Es,1383.7
28/06/2014 07:47,Es,1072.8
28/06/2014 07:47,Es,1122
28/06/2014 07:49,Es,1069.3
28/06/2014 07:53,Es,977.8
28/06/2014 08:01,Es,1106.4
28/06/2014 08:01,Es,1351.1
28/06/2014 08:06,Es,1028.7
28/06/2014 17:08,Es,1440
28/06/2014 17:13,Es,1463.4
28/06/2014 17:16,Es,1307.5
28/06/2014 17:18,Es,1379.8
28/06/2014 17:34,Es,1253
28/06/2014 17:39,Es,1247.4
28/06/2014 17:40,Es,972.6
28/06/2014 17:43,Es,1191.4
28/06/2014 17:54,Es,1160.8
28/06/2014 17:54,Es,1209.7
28/06/2014 17:59,Es,1184.5
28/06/2014 18:11,Es,1151.8
28/06/2014 18:23,Es,1322.9
28/06/2014 18:39,Es,1168.3
28/06/2014 19:43,Es,1028.7
30/06/2014 17:26,Es,1209.7
30/06/2014 17:29,Es,1209.7
30/06/2014 18:41,Es,1243.5
30/06/2014 18:47,Es,1243.5
30/06/2014 18:49,Es,1243.5
30/06/2014 19:00,Es,1252.1
30/06/2014 19:15,Es,992.9
30/06/2014 19:15,Es,1242.3
30/06/2014 19:25,Es,1307.5
30/06/2014 19:26,Es,1307.5
30/06/2014 19:48,Es,1093.8
30/06/2014 19:58,Es,1483.3
30/06/2014 20:18,Es,1069.3
30/06/2014 20:18,Es,1072.8
30/06/2014 20:19,Es,1069.3
30/06/2014 20:19,Es,1120.1
30/06/2014 20:19,Es,1122
01/07/2014 11:36,Es,1386.5
01/07/2014 11:38,Es,1386.5
01/07/2014 15:54,Es,984
01/07/2014 15:56,Es,1015.3
01/07/2014 16:10,Es,720.5
01/07/2014 16:10,Es,844.4
01/07/2014 16:12,Es,1021.4
01/07/2014 17:49,Es,1253.2
01/07/2014 17:59,Es,1077.6
01/07/2014 18:00,Es,1107.4
01/07/2014 18:03,Es,1212.4
01/07/2014 18:08,Es,1109.5
01/07/2014 18:11,Es,1239.3
01/07/2014 18:12,Es,1308.3
02/07/2014 09:38,Es,685.6
02/07/2014 09:39,Es,984.6
02/07/2014 09:43,Es,447.4
02/07/2014 09:43,Es,855
02/07/2014 09:43,Es,956.6
02/07/2014 09:45,Es,985.1
02/07/2014 09:49,Es,691.5
02/07/2014 09:49,Es,1058.8
02/07/2014 09:53,Es,1160.8
02/07/2014 09:56,Es,1160.8
02/07/2014 09:59,Es,676.3
02/07/2014 09:59,Es,716.5
02/07/2014 09:59,Es,743.2
02/07/2014 10:01,Es,727.4
02/07/2014 10:02,Es,679.4
02/07/2014 10:06,Es,1013.4
02/07/2014 10:08,Es,1036.5
02/07/2014 10:11,Es,748.8
02/07/2014 10:16,Es,1075.8
02/07/2014 10:18,Es,878.3
02/07/2014 10:32,Es,1093.8
02/07/2014 10:38,Es,977.8
02/07/2014 10:41,Es,769.2
02/07/2014 10:42,Es,764.3
02/07/2014 19:10,Es,678.5
02/07/2014 19:10,Es,890.2
02/07/2014 19:11,Es,705.5
02/07/2014 19:13,Es,566.3
02/07/2014 19:13,Es,832.8
02/07/2014 19:14,Es,578.7
02/07/2014 19:15,Es,574.8
02/07/2014 19:16,Es,516.7
03/07/2014 06:55,Es,875.7
03/07/2014 06:57,Es,848.8
03/07/2014 07:01,Es,822.8
03/07/2014 07:02,Es,763.1
03/07/2014 07:06,Es,1122
03/07/2014 07:11,Es,931.1
03/07/2014 07:11,Es,973.8
03/07/2014 07:11,Es,975.8
03/07/2014 07:14,Es,743.2
03/07/2014 07:17,Es,1022.5
03/07/2014 07:20,Es,878.3
03/07/2014 07:35,Es,654.1
03/07/2014 07:44,Es,783
03/07/2014 07:45,Es,925.6
03/07/2014 08:28,Es,1196.2
03/07/2014 08:29,Es,1307.5
03/07/2014 08:51,Es,1089.9
03/07/2014 08:53,Es,1307.5
03/07/2014 09:21,Es,1016
03/07/2014 09:34,Es,1418.1
03/07/2014 10:17,Es,978.3
03/07/2014 10:18,Es,909
03/07/2014 11:03,Es,1152.3
03/07/2014 11:05,Es,1152.3
03/07/2014 11:09,Es,1152.3
03/07/2014 11:09,Es,1240.8
03/07/2014 11:13,Es,1296.8
03/07/2014 11:31,Es,713.4
03/07/2014 11:31,Es,1081.9
03/07/2014 11:31,Es,1292.4
03/07/2014 11:32,Es,776
03/07/2014 11:33,Es,1061.5
03/07/2014 11:33,Es,1096
03/07/2014 11:35,Es,1158.7
03/07/2014 11:42,Es,923.2
03/07/2014 11:43,Es,701.3
03/07/2014 11:43,Es,952.8
03/07/2014 11:44,Es,926.4
03/07/2014 11:45,Es,768.8
03/07/2014 11:45,Es,952.6
03/07/2014 11:45,Es,1108.7
03/07/2014 11:45,Es,1162.2
03/07/2014 11:46,Es,654.8
03/07/2014 11:47,Es,855.5
03/07/2014 11:47,Es,926.4
03/07/2014 11:55,Es,1166.2
03/07/2014 12:00,Es,952.6
03/07/2014 12:00,Es,952.8
03/07/2014 12:03,Es,1166.2
03/07/2014 12:07,Es,1035.2
03/07/2014 12:08,Es,1134.9
03/07/2014 12:12,Es,1035.2
03/07/2014 12:13,Es,967
03/07/2014 12:15,Es,818.3
03/07/2014 12:28,Es,742.1
03/07/2014 12:32,Es,818.3
03/07/2014 12:33,Es,1035.2
03/07/2014 12:36,Es,1035.2
03/07/2014 12:36,Es,1162.2
03/07/2014 12:40,Es,1036.5
03/07/2014 12:41,Es,1107.4
03/07/2014 12:42,Es,1036.5
03/07/2014 12:44,Es,725.1
03/07/2014 12:45,Es,1107.4
03/07/2014 12:46,Es,1096
03/07/2014 12:48,Es,1035.2
03/07/2014 12:49,Es,1036.5
03/07/2014 12:53,Es,1132.7
03/07/2014 12:53,Es,1153.4
03/07/2014 13:04,Es,776
03/07/2014 13:05,Es,1162.2
03/07/2014 13:08,Es,820.9
03/07/2014 13:09,Es,1288.3
03/07/2014 13:12,Es,1314.7
03/07/2014 13:14,Es,855.2
03/07/2014 13:16,Es,843.9
03/07/2014 13:18,Es,1176.4
03/07/2014 13:18,Es,1266.4
03/07/2014 13:32,Es,1112.1
03/07/2014 13:34,Es,893
03/07/2014 15:11,Es,870
03/07/2014 15:11,Es,1077.2
03/07/2014 15:14,Es,1085.1
03/07/2014 15:24,Es,909
03/07/2014 15:26,Es,1038.7
03/07/2014 15:27,Es,925.6
03/07/2014 15:27,Es,1022
03/07/2014 15:32,Es,1022
03/07/2014 15:33,Es,1038.7
03/07/2014 15:34,Es,1076.3
03/07/2014 15:35,Es,916.1
03/07/2014 15:35,Es,1024
03/07/2014 15:36,Es,1107.4
03/07/2014 15:38,Es,1064
03/07/2014 17:49,Es,1018.9
03/07/2014 18:29,Es,933.1
03/07/2014 18:29,Es,933.1
03/07/2014 18:32,Es,933.1
03/07/2014 19:35,Es,725.5
03/07/2014 19:36,Es,984
03/07/2014 19:37,Es,1015.3
03/07/2014 19:46,Es,967.2
03/07/2014 19:57,Es,974.8
03/07/2014 20:07,Es,845.9
03/07/2014 20:07,Es,1033.4
03/07/2014 20:08,Es,845.9
03/07/2014 20:09,Es,848.8
03/07/2014 20:10,Es,951.3
03/07/2014 20:27,Es,960.1
03/07/2014 20:29,Es,890
03/07/2014 20:56,Es,1093.8
07/07/2014 17:43,Es,1036.4
07/07/2014 18:41,MS,875.7
08/07/2014 06:30,Es,1020.3
08/07/2014 06:43,Es,1076.3
08/07/2014 06:48,Es,922.1
08/07/2014 06:49,Es,881.5
08/07/2014 06:50,Es,1107.4
08/07/2014 06:53,Es,881.5
08/07/2014 07:01,Es,992.3
08/07/2014 07:10,Es,812
08/07/2014 07:10,Es,1109.5
08/07/2014 07:11,Es,1029.4
08/07/2014 07:11,Es,1119.6
08/07/2014 07:12,Es,1085.1
08/07/2014 07:15,Es,1069.8
08/07/2014 07:21,Es,842.5
08/07/2014 07:25,Es,842.5
08/07/2014 07:25,Es,922.1
08/07/2014 07:25,Es,946.5
08/07/2014 07:32,Es,1013.7
08/07/2014 07:33,Es,1038.7
08/07/2014 07:36,Es,822.9
08/07/2014 07:39,Es,1045.2
08/07/2014 07:39,Es,1107.4
08/07/2014 07:43,Es,764.7
08/07/2014 07:44,Es,1009.5
08/07/2014 07:45,Es,1024
08/07/2014 07:46,Es,939.6
08/07/2014 07:47,Es,984.6
08/07/2014 07:48,Es,764.7
08/07/2014 07:48,Es,959.4
08/07/2014 07:56,Es,763.7
08/07/2014 07:58,Es,728.2
08/07/2014 07:58,Es,935
08/07/2014 08:03,Es,728.2
08/07/2014 08:17,Es,640.7
08/07/2014 08:28,Es,935
08/07/2014 08:40,Es,922.1
08/07/2014 08:40,Es,1045.3
08/07/2014 08:41,Es,720
08/07/2014 08:43,Es,751.3
08/07/2014 08:49,Es,714.7
08/07/2014 08:55,Es,1049
08/07/2014 08:59,Es,794.8
08/07/2014 09:02,Es,707.3
08/07/2014 09:02,Es,989.9
08/07/2014 09:03,Es,742.5
08/07/2014 09:11,Es,995.8
09/07/2014 15:29,Es,1247.4
09/07/2014 15:33,Es,1247.4
09/07/2014 15:40,Es,996.1
09/07/2014 15:40,Es,996.1
09/07/2014 15:40,Es,1191.4
09/07/2014 15:42,Es,1239.3
09/07/2014 16:04,Es,1214.4
09/07/2014 16:05,Es,1253.2
09/07/2014 19:23,Es,1322.9
09/07/2014 19:54,Es,1168.3
12/07/2014 21:02,Es,1036.5
13/07/2014 07:54,Es,1300.5
13/07/2014 07:56,Es,1322.9
13/07/2014 07:59,Es,698.2
13/07/2014 07:59,Es,1025.1
13/07/2014 08:00,Es,1266.4
13/07/2014 08:06,Es,943.4
13/07/2014 08:15,Es,876.4
13/07/2014 08:16,Es,1033.4
13/07/2014 08:29,Es,1024.6
13/07/2014 08:30,Es,1114.6
13/07/2014 08:31,Es,1114.6
13/07/2014 08:34,Es,1114.6
13/07/2014 08:39,Es,1007.4
13/07/2014 08:41,Es,848.8
13/07/2014 08:44,Es,645.8
13/07/2014 10:49,Es,1383.7
13/07/2014 11:10,Es,977.8
20/07/2014 12:37,Es,832.4
20/07/2014 12:38,Es,1060.4
20/07/2014 12:39,Es,859.8
20/07/2014 12:40,Es,1011
20/07/2014 12:41,Es,849.4
20/07/2014 12:42,Es,718.3
20/07/2014 12:42,Es,848.7
20/07/2014 12:42,Es,899.7
20/07/2014 12:42,Es,1018.9
20/07/2014 12:44,Es,916.4
20/07/2014 12:45,Es,848
20/07/2014 12:45,Es,852.3
20/07/2014 12:45,Es,940.6
20/07/2014 12:45,Es,1363.2
20/07/2014 12:46,Es,849.4
20/07/2014 12:47,Es,694.6
20/07/2014 12:53,Es,870.3
20/07/2014 12:53,Es,895.9
20/07/2014 12:54,Es,848
20/07/2014 12:55,Es,846.9
20/07/2014 12:55,Es,849.3
20/07/2014 12:56,Es,877.3
20/07/2014 12:56,Es,1312.3
20/07/2014 12:59,Es,721.8
20/07/2014 12:59,Es,831.1
20/07/2014 12:59,Es,1126.5
20/07/2014 13:00,Es,821.9
20/07/2014 14:02,Es,822.8
20/07/2014 14:03,Es,822.8
20/07/2014 14:04,Es,787.6
20/07/2014 14:04,Es,949.9
20/07/2014 14:04,Es,973.8
20/07/2014 14:05,Es,889.1
20/07/2014 14:17,Es,1021.4
20/07/2014 14:20,Es,818.8
20/07/2014 14:20,Es,863.1
20/07/2014 14:20,Es,872.7
20/07/2014 14:20,Es,1015.3
20/07/2014 14:23,Es,720.5
20/07/2014 14:23,Es,1322.9
20/07/2014 14:24,Es,679.1
20/07/2014 14:24,Es,846.1
20/07/2014 14:24,Es,849
20/07/2014 14:26,Es,772.2
20/07/2014 14:26,Es,927.9
20/07/2014 14:27,Es,718.2
20/07/2014 14:27,Es,731.7
20/07/2014 14:27,Es,761.6
20/07/2014 14:28,Es,813.2
20/07/2014 14:29,Es,691.3
20/07/2014 14:30,Es,731.7
20/07/2014 15:11,Es,1016
20/07/2014 16:05,Es,956.6
20/07/2014 16:23,Es,1076.3
20/07/2014 16:28,Es,849.4
20/07/2014 16:30,Es,846.9
20/07/2014 16:46,Es,1107.4
20/07/2014 16:51,Es,1029.4
20/07/2014 17:36,Es,985.1
21/07/2014 08:45,Es,1190.5
21/07/2014 08:48,Es,961.7
21/07/2014 08:53,Es,846.9
21/07/2014 08:53,Es,1060.4
21/07/2014 08:54,Es,859.8
21/07/2014 08:56,Es,849.4
21/07/2014 08:59,Es,834.6
21/07/2014 08:59,Es,1140.9
21/07/2014 09:00,Es,736
21/07/2014 09:00,Es,862.3
21/07/2014 09:00,Es,1140.9
21/07/2014 09:01,Es,1140.9
21/07/2014 09:02,Es,1140.9
21/07/2014 09:07,Es,972.5
21/07/2014 09:07,Es,1036.5
21/07/2014 09:07,Es,1036.5
21/07/2014 09:08,Es,1036.5
21/07/2014 09:09,Es,1132.7
21/07/2014 09:09,Es,1153.4
21/07/2014 09:10,Es,1153.4
21/07/2014 09:11,Es,1036.5
21/07/2014 09:15,Es,1036.4
21/07/2014 09:15,Es,1036.5
21/07/2014 09:16,Es,1208.9
21/07/2014 18:37,Es,922.1
21/07/2014 19:15,Es,776
21/07/2014 20:31,Es,1076.3
22/07/2014 18:30,Es,1160.8
22/07/2014 18:39,Es,1122
23/07/2014 18:21,Es,728.5
23/07/2014 18:22,Es,926.6
23/07/2014 18:24,Es,978.3
23/07/2014 18:26,Es,1044.2
23/07/2014 18:27,Es,936.1
23/07/2014 18:28,Es,832.8
23/07/2014 18:28,Es,1044.2
23/07/2014 18:31,Es,1054.8
23/07/2014 18:33,Es,1151.8
23/07/2014 18:35,Es,951.3
23/07/2014 18:55,Es,1122
23/07/2014 18:58,Es,1160.8
23/07/2014 19:05,Es,1017.2
23/07/2014 19:05,Es,1041.8
23/07/2014 19:06,Es,1074.1
23/07/2014 19:10,Es,927.9
23/07/2014 19:13,Es,1022
23/07/2014 19:14,Es,1037.6
23/07/2014 19:16,Es,951.3
23/07/2014 19:19,Es,889.3
23/07/2014 19:27,Es,891.2
23/07/2014 19:31,Es,845.9
23/07/2014 19:31,Es,845.9
23/07/2014 19:35,Es,924.8
23/07/2014 19:36,Es,848.8
23/07/2014 19:36,Es,848.8
23/07/2014 19:36,Es,977.8
23/07/2014 19:38,Es,937.7
23/07/2014 19:41,Es,1024.6
23/07/2014 19:44,Es,1025.1
23/07/2014 19:47,Es,763.1
23/07/2014 19:47,Es,878.3
23/07/2014 19:49,Es,1022.5
23/07/2014 19:52,Es,1069.8
23/07/2014 19:52,Es,1102.3
23/07/2014 19:53,Es,771.5
23/07/2014 19:53,Es,854.1
23/07/2014 19:53,Es,866.5
23/07/2014 19:54,Es,975.8
23/07/2014 19:59,Es,968.2
24/07/2014 14:19,Es,1053
24/07/2014 14:25,Es,961.4
24/07/2014 16:09,Es,1081.9
24/07/2014 16:10,Es,1081.9
24/07/2014 16:13,Es,1158.7
24/07/2014 16:14,Es,1225.8
24/07/2014 16:17,Es,1081.9
24/07/2014 16:17,Es,1225.8
24/07/2014 16:18,Es,1295.5
24/07/2014 17:01,Es,776
24/07/2014 17:01,Es,1253.1
24/07/2014 17:51,Es,690.2
24/07/2014 17:51,Es,820.9
24/07/2014 17:51,Es,940.9
24/07/2014 18:12,Es,654.1
24/07/2014 18:29,Es,558.1
24/07/2014 19:22,Es,1090.9
24/07/2014 19:24,Es,1182.4
24/07/2014 19:26,Es,720.1
24/07/2014 19:27,Es,966.5
24/07/2014 19:28,Es,1238
24/07/2014 19:32,Es,966.5
24/07/2014 19:34,Es,757.1
24/07/2014 19:38,Es,1200.7
24/07/2014 19:39,Es,1329.3
24/07/2014 19:41,Es,1329.3
25/07/2014 07:56,Es,1312.9
25/07/2014 08:07,Es,1028.7
25/07/2014 08:11,Es,1383.7
25/07/2014 08:17,Es,1072.8
25/07/2014 08:18,Es,1351.1
25/07/2014 08:19,Es,1088.8
25/07/2014 08:19,Es,1351.1
25/07/2014 08:20,Es,1093.8
25/07/2014 08:23,Es,931.1
25/07/2014 08:23,Es,1042.4
25/07/2014 08:24,Es,973.8
25/07/2014 08:27,Es,1090.8
25/07/2014 08:29,Es,977.8
25/07/2014 08:30,Es,977.8
25/07/2014 08:31,Es,977.8
25/07/2014 08:32,Es,977.4
25/07/2014 08:33,Es,1106.4
25/07/2014 08:34,Es,1013.3
25/07/2014 08:37,Es,955.1
25/07/2014 08:39,Es,837.7
25/07/2014 08:40,Es,1028.7
25/07/2014 08:42,Es,1021.4
25/07/2014 08:44,Es,946.8
25/07/2014 08:44,Es,1015.3
31/07/2014 11:41,Es,1168.3
31/07/2014 11:41,Es,1209.7
31/07/2014 11:41,Es,1243.5
03/08/2014 17:22,MS,875.7
08/08/2014 16:27,Es,977.8
08/08/2014 16:28,Es,977.8
08/08/2014 16:29,Es,977.4
08/08/2014 16:30,Es,715.4
08/08/2014 17:43,Es,751
08/08/2014 17:43,Es,757.3
08/08/2014 17:43,Es,909
08/08/2014 17:43,Es,909
08/08/2014 17:45,Es,908.4
08/08/2014 17:46,Es,859.1
08/08/2014 17:47,Es,813.4
08/08/2014 18:16,Es,1487.9
08/08/2014 18:30,Es,1076.3
10/08/2014 10:27,Es,1322.9
10/08/2014 11:17,Es,1021.4
11/08/2014 16:27,MS,678.5
11/08/2014 16:27,MS,890.2
12/08/2014 15:00,MS,875.7
12/08/2014 15:15,MS,875.7
12/08/2014 15:52,MS,875.7
12/08/2014 16:37,MS,678.5
12/08/2014 16:37,MS,690.2
12/08/2014 16:37,MS,820.9
12/08/2014 18:57,MS,661.9
13/08/2014 14:33,MS,527.3
14/08/2014 17:25,MS,527.3
15/08/2014 14:28,MS,527.3
16/08/2014 14:51,Es,961.4
21/08/2014 11:01,MS,701.3
21/08/2014 16:08,Es,1168.3
21/08/2014 17:22,Es,1209.7
21/08/2014 17:25,Es,1209.7
22/08/2014 11:53,Es,1016
22/08/2014 12:05,Es,853.4
22/08/2014 12:05,Es,1135.4
22/08/2014 12:06,Es,853.8
22/08/2014 12:29,Es,922.1
22/08/2014 12:48,Es,1046.3
22/08/2014 12:48,Es,1204.4
22/08/2014 12:51,Es,774.7
22/08/2014 12:51,Es,1022.3
22/08/2014 12:52,Es,774.7
22/08/2014 12:53,Es,909
22/08/2014 12:53,Es,1095.8
22/08/2014 12:54,Es,909
22/08/2014 12:56,Es,1401.3
22/08/2014 12:59,Es,909
22/08/2014 12:59,Es,1274.7
22/08/2014 12:59,Es,1327.6
22/08/2014 13:00,Es,1291.2
22/08/2014 13:01,Es,909
22/08/2014 13:01,Es,1022
22/08/2014 13:02,Es,925.6
22/08/2014 13:04,Es,1210.3
22/08/2014 13:08,Es,1076.3
22/08/2014 13:12,Es,978.3
22/08/2014 14:37,Es,1487.9
26/08/2014 09:43,Es,1077.6
26/08/2014 16:47,Es,1298.2
26/08/2014 16:51,Es,1252.9
26/08/2014 17:53,Es,1077.6
29/08/2014 07:58,Es,1064
29/08/2014 08:06,Es,1028.7
29/08/2014 08:15,Es,1113.6
31/08/2014 20:56,Tropo,108.7
31/08/2014 20:59,Tropo,304.8
31/08/2014 21:54,Tropo,135.5
01/09/2014 18:21,Tropo,160.9
03/09/2014 06:43,Tropo,180.1
03/09/2014 07:10,Tropo,149.7
04/09/2014 06:22,Tropo,304.8
08/09/2014 20:23,Tropo,269.6
08/09/2014 20:35,Tropo,180.1
20/09/2014 15:36,Es,1209.7
20/09/2014 16:07,Es,1094
22/09/2014 21:39,Tropo,304.8
22/09/2014 21:43,Tropo,160.9
22/09/2014 21:51,Tropo,180.1
26/09/2014 18:56,Es,1322.9
27/09/2014 08:45,Tropo,180.1
27/09/2014 08:47,Tropo,149.3
27/09/2014 11:05,Tropo,269.6
27/09/2014 11:13,Tropo,482.7
02/10/2014 18:28,Tropo,180.1
02/10/2014 20:46,Tropo,160.9
26/10/2014 17:43,Tropo,405.9
26/10/2014 18:09,Tropo,277.2
26/10/2014 18:10,Tropo,271.6
29/12/2014 14:16,Tropo,180.1
29/12/2014 21:01,Tropo,160.9
29/12/2014 21:07,Tropo,128.6
30/12/2014 18:19,Tropo,304.8
30/12/2014 18:20,Tropo,301.4
30/12/2014 18:28,Tropo,160.9
30/12/2014 18:31,Tropo,160.9
31/12/2014 06:15,Tropo,128.6
31/12/2014 09:39,Tropo,269.6
03/01/2015 18:11,MS,870
04/01/2015 00:04,MS,569.8
04/01/2015 00:04,MS,675.1
04/01/2015 09:22,Tropo,160.9
04/01/2015 13:00,Tropo,94.9
04/01/2015 21:04,Tropo,135.5
04/01/2015 21:13,Tropo,149.3
04/01/2015 21:16,Tropo,271.6
05/01/2015 07:16,Tropo,645.6
05/01/2015 07:20,Tropo,658.6
05/01/2015 07:23,Tropo,645.6
05/01/2015 07:28,Tropo,301.4
05/01/2015 07:35,Tropo,436.9
05/01/2015 07:55,Tropo,649.5
05/01/2015 08:01,Tropo,654.1
05/01/2015 08:07,Tropo,654.1
05/01/2015 08:11,Tropo,436.9
05/01/2015 17:53,Tropo,645.6
05/01/2015 18:06,Tropo,487.3
05/01/2015 18:23,Tropo,416.4
05/01/2015 18:34,Tropo,559.5
05/01/2015 18:46,Tropo,416.4
05/01/2015 18:47,Tropo,502.3
05/01/2015 18:55,Tropo,277.2
05/01/2015 18:58,Tropo,559.5
05/01/2015 19:01,Tropo,559.5
05/01/2015 22:38,Tropo,334.3
05/01/2015 22:41,Tropo,401.2
09/02/2015 19:00,Tropo,160.9
09/02/2015 19:01,Tropo,185.3
09/02/2015 19:02,Tropo,180.1
09/02/2015 21:34,Tropo,255.8
09/02/2015 21:40,Tropo,160.9
09/02/2015 22:04,Tropo,130.2
10/02/2015 20:03,Tropo,416.4
10/02/2015 22:11,Tropo,499.6
10/02/2015 22:23,Tropo,556
10/02/2015 22:43,Tropo,502.3
10/02/2015 22:46,Tropo,434.1
10/02/2015 22:52,Tropo,502.3
10/02/2015 23:38,Tropo,569.8
10/02/2015 23:44,Tropo,559.5
10/02/2015 23:49,Tropo,560.9
10/02/2015 23:53,Tropo,478.3
10/02/2015 23:56,Tropo,416.4
10/02/2015 23:58,Tropo,487.3
06/03/2015 22:45,Tropo,160.9
07/03/2015 09:51,Tropo,301.4
07/03/2015 09:53,Tropo,271.6
07/03/2015 10:05,Tropo,171.8
17/03/2015 21:00,Aur,1112.1
14/04/2015 17:20,Tropo,149.7
18/04/2015 20:32,Tropo,527.3
18/04/2015 20:48,Tropo,459.1
18/04/2015 21:51,Tropo,459.1
18/04/2015 21:56,Tropo,472.9
21/04/2015 03:08,MS,669.7
22/04/2015 20:33,Tropo,505.8
23/04/2015 06:27,Tropo,459.1
23/04/2015 06:41,Tropo,304.8
23/04/2015 06:42,Tropo,269.6
03/05/2015 07:50,MS,870
09/05/2015 12:13,Es,1160.8
11/05/2015 12:24,Es,1300.5
11/05/2015 12:37,Es,1300.5
11/05/2015 12:41,Es,1300.5
11/05/2015 18:38,Es,1138.4
11/05/2015 18:40,Es,933.1
11/05/2015 18:42,Es,972.6
11/05/2015 18:49,Es,1285.1
11/05/2015 18:50,Es,977.5
12/05/2015 12:25,Es,1440
14/05/2015 11:38,Es,922.1
14/05/2015 11:38,Es,1109.5
14/05/2015 16:13,Es,1187.2
14/05/2015 16:17,Es,994.7
14/05/2015 17:30,Es,1047.3
14/05/2015 17:30,Es,1107.1
15/05/2015 07:10,Es,1218.8
15/05/2015 07:23,Es,956.6
15/05/2015 07:37,Es,880.1
15/05/2015 07:39,Es,843.9
15/05/2015 07:44,Es,935.2
15/05/2015 07:48,Es,882.5
15/05/2015 07:55,Es,992.9
15/05/2015 07:58,Es,885.3
15/05/2015 07:58,Es,893.3
15/05/2015 07:58,Es,981.6
15/05/2015 08:01,Es,916.4
15/05/2015 08:04,Es,919.4
15/05/2015 08:09,Es,819.5
15/05/2015 08:09,Es,972.6
15/05/2015 08:20,Es,919.5
15/05/2015 08:27,Es,788.7
15/05/2015 08:28,Es,788.7
15/05/2015 08:38,Es,667.6
15/05/2015 08:41,Es,1374.8
16/05/2015 12:39,Es,761.6
23/05/2015 10:38,Es,848.8
24/05/2015 13:09,Es,1383.7
24/05/2015 13:10,Es,1351.1
27/05/2015 15:41,Es,1072.8
27/05/2015 15:42,Es,1122
27/05/2015 15:43,Es,1106.4
27/05/2015 15:51,Es,1028.7
27/05/2015 15:58,Es,1112.2
27/05/2015 15:59,Es,1021.4
27/05/2015 16:03,Es,993.3
27/05/2015 16:05,Es,849
27/05/2015 16:12,Es,1015.3
27/05/2015 16:13,Es,1015.3
27/05/2015 16:13,Es,1015.3
27/05/2015 16:14,Es,984
27/05/2015 16:16,Es,977.8
27/05/2015 16:17,Es,1015.3
27/05/2015 16:20,Es,980.4
27/05/2015 16:22,Es,1033.4
27/05/2015 16:22,Es,1090.8
27/05/2015 16:24,Es,1015.3
27/05/2015 16:24,Es,1088.8
27/05/2015 16:27,Es,931.1
27/05/2015 16:29,Es,844.4
27/05/2015 16:34,Es,1013.8
27/05/2015 16:35,Es,1027.7
27/05/2015 16:36,Es,1010.7
27/05/2015 16:38,Es,1015.3
27/05/2015 16:38,Es,1019.1
27/05/2015 16:40,Es,984
27/05/2015 16:40,Es,1021.4
27/05/2015 16:42,Es,984
27/05/2015 16:44,Es,1015.3
27/05/2015 16:48,Es,946.8
27/05/2015 16:49,Es,946.8
27/05/2015 16:49,Es,946.8
27/05/2015 16:49,Es,984
27/05/2015 16:49,Es,993
27/05/2015 16:49,Es,1009.4
27/05/2015 16:52,Es,916.4
27/05/2015 16:54,Es,872.7
27/05/2015 16:54,Es,907.7
27/05/2015 16:56,Es,1017
27/05/2015 16:57,Es,882.1
27/05/2015 16:57,Es,1015.3
27/05/2015 16:57,Es,1015.3
27/05/2015 16:58,Es,881.9
27/05/2015 16:58,Es,1044.7
27/05/2015 16:59,Es,1015.3
27/05/2015 16:59,Es,1019
27/05/2015 16:59,Es,1044.7
27/05/2015 17:01,Es,806.5
27/05/2015 17:01,Es,829.3
27/05/2015 17:01,Es,869.8
27/05/2015 17:03,Es,1015.3
27/05/2015 17:07,Es,849
27/05/2015 17:12,Es,849
27/05/2015 17:18,Es,1312.9
27/05/2015 17:20,Es,1069.3
27/05/2015 17:22,Es,1351.1
27/05/2015 17:24,Es,869.8
27/05/2015 17:24,Es,900.5
27/05/2015 17:24,Es,1008
27/05/2015 17:27,Es,1101.2
27/05/2015 17:29,Es,910.4
27/05/2015 17:31,Es,1010.5
27/05/2015 17:36,Es,1313
27/05/2015 17:40,Es,1351.1
27/05/2015 17:44,Es,1383.7
27/05/2015 17:47,Es,837.7
27/05/2015 17:51,,869.8
28/05/2015 12:39,MS,650.7
28/05/2015 15:25,Es,667.6
28/05/2015 15:27,Es,738.5
28/05/2015 15:27,Es,738.5
28/05/2015 15:28,Es,598
28/05/2015 15:30,Es,876.3
28/05/2015 15:30,Es,1333.5
28/05/2015 15:34,Es,581.2
28/05/2015 15:34,Es,581.2
28/05/2015 15:34,Es,703.8
28/05/2015 15:34,Es,724.7
28/05/2015 15:34,Es,769.7
28/05/2015 17:20,Es,893.3
28/05/2015 17:20,Es,1089.9
28/05/2015 17:21,Es,807
28/05/2015 17:33,Es,919.4
28/05/2015 17:33,Es,1033
28/05/2015 17:36,Es,966.2
28/05/2015 17:38,Es,907.7
28/05/2015 17:38,Es,1308.3
28/05/2015 17:39,Es,899.7
28/05/2015 17:40,Es,1036.5
28/05/2015 17:43,Es,933.1
28/05/2015 17:44,Es,831.7
28/05/2015 17:47,Es,1036.4
28/05/2015 17:47,Es,1052.4
28/05/2015 17:48,Es,1036.5
28/05/2015 17:49,Es,843.4
28/05/2015 18:24,Es,848.8
28/05/2015 18:36,Es,1028.7
28/05/2015 18:37,Es,763.1
28/05/2015 18:37,Es,769.1
28/05/2015 18:38,Es,787.6
28/05/2015 18:38,Es,822.8
28/05/2015 18:38,Es,973.8
28/05/2015 18:38,Es,1017.2
28/05/2015 18:39,Es,1083.6
28/05/2015 18:40,Es,1042.4
28/05/2015 18:41,Es,1022.5
28/05/2015 18:45,Es,720.5
28/05/2015 18:46,Es,710.7
28/05/2015 18:46,Es,787.6
28/05/2015 18:47,Es,658.1
28/05/2015 18:47,Es,658.1
28/05/2015 18:47,Es,711
28/05/2015 18:47,Es,931.1
28/05/2015 18:50,Es,977.8
28/05/2015 18:50,Es,977.8
28/05/2015 18:52,Es,951.9
28/05/2015 18:53,Es,805.3
28/05/2015 18:53,Es,869.8
28/05/2015 18:54,Es,777.9
28/05/2015 18:54,Es,869.8
28/05/2015 18:54,Es,1022.2
28/05/2015 18:56,Es,769.4
28/05/2015 18:56,Es,910.4
28/05/2015 18:56,Es,910.4
28/05/2015 18:58,Es,1017
28/05/2015 18:58,Es,1069.3
28/05/2015 19:00,Es,944.4
28/05/2015 19:00,Es,953.9
28/05/2015 19:01,Es,1021.4
28/05/2015 19:02,Es,726.3
28/05/2015 19:02,Es,984
28/05/2015 19:03,Es,825.6
28/05/2015 19:03,Es,984
28/05/2015 19:03,Es,1015.3
28/05/2015 19:04,Es,757.4
28/05/2015 19:05,Es,984
28/05/2015 19:06,Es,806.5
28/05/2015 19:07,Es,829.1
28/05/2015 19:07,Es,849
28/05/2015 19:09,Es,815.6
28/05/2015 19:10,Es,927.9
28/05/2015 19:11,Es,731.7
28/05/2015 19:11,Es,1027.7
28/05/2015 19:12,Es,869.8
28/05/2015 19:12,Es,1015.3
28/05/2015 19:14,Es,849
28/05/2015 19:15,Es,849
28/05/2015 19:15,Es,1015.3
28/05/2015 19:18,Es,679.1
28/05/2015 19:27,Es,731.7
31/05/2015 20:23,Es,1383.7
31/05/2015 20:26,Es,1351.1
31/05/2015 20:32,Es,1069.3
03/06/2015 12:39,Es,1287.3
03/06/2015 13:14,Es,1057.3
03/06/2015 13:22,Es,1134.4
03/06/2015 13:23,Es,1132.7
03/06/2015 13:23,Es,1137.2
03/06/2015 13:23,Es,1181.4
03/06/2015 13:25,Es,1131.5
03/06/2015 13:25,Es,1248
07/06/2015 12:31,Es,844.4
07/06/2015 12:32,Es,1021.4
08/06/2015 12:46,Es,951.3
08/06/2015 12:46,Es,1054.8
08/06/2015 20:38,Es,881.5
09/06/2015 12:12,Es,1252.1
09/06/2015 12:22,Es,1118.7
09/06/2015 12:22,Es,1214.3
09/06/2015 12:37,Es,1463.4
09/06/2015 13:58,Es,1077
09/06/2015 13:59,Es,1054.8
09/06/2015 14:05,Es,1007.4
09/06/2015 14:20,Es,1376.9
09/06/2015 14:22,Es,1166.8
09/06/2015 14:30,Es,1181.4
09/06/2015 14:32,Es,1072.8
09/06/2015 14:39,Es,1440
09/06/2015 14:42,Es,1069.8
09/06/2015 14:43,Es,977.8
09/06/2015 14:43,Es,1066.7
09/06/2015 14:43,Es,1069.3
09/06/2015 14:47,Es,1137.2
09/06/2015 14:56,Es,973.8
09/06/2015 15:18,Es,1255.2
11/06/2015 17:46,Es,969.2
11/06/2015 17:49,Es,851
11/06/2015 17:51,Es,992.9
11/06/2015 18:07,Es,806
11/06/2015 18:16,Es,935.2
11/06/2015 18:18,Es,861.7
12/06/2015 11:40,Es,1322.9
12/06/2015 11:41,Es,1168.3
12/06/2015 11:42,Es,1168.3
12/06/2015 11:42,Es,1322.9
12/06/2015 11:46,Es,1168.3
12/06/2015 11:47,Es,1204.9
12/06/2015 11:51,Es,1235
12/06/2015 11:56,Es,1235
12/06/2015 11:57,Es,1322.9
12/06/2015 12:02,Es,1034.2
12/06/2015 12:05,Es,1054.8
12/06/2015 12:06,Es,943.4
12/06/2015 12:09,Es,1058
12/06/2015 12:11,Es,1074.1
12/06/2015 12:12,Es,813
12/06/2015 12:16,Es,1074.1
12/06/2015 12:19,Es,1061.6
12/06/2015 12:23,Es,1037.6
12/06/2015 12:24,Es,1090.9
12/06/2015 12:30,Es,664.6
12/06/2015 12:35,Es,1033.4
12/06/2015 12:35,Es,1044.2
12/06/2015 12:36,Es,1076.3
12/06/2015 12:38,Es,650.4
12/06/2015 12:39,Es,1033.4
12/06/2015 12:46,Es,848.8
12/06/2015 12:46,Es,1007.4
12/06/2015 12:47,Es,945.6
12/06/2015 12:49,Es,848.8
12/06/2015 12:51,Es,854.1
12/06/2015 12:52,Es,745.3
12/06/2015 12:52,Es,807.4
12/06/2015 12:52,Es,847.7
12/06/2015 12:52,Es,848.8
12/06/2015 12:52,Es,861.8
12/06/2015 12:54,Es,682.9
12/06/2015 12:54,Es,683.2
12/06/2015 12:54,Es,717.3
12/06/2015 12:55,Es,1151.8
12/06/2015 12:56,Es,679.4
12/06/2015 12:56,Es,683.2
12/06/2015 12:56,Es,728.5
12/06/2015 12:57,Es,640.4
12/06/2015 12:57,Es,848.8
12/06/2015 12:57,Es,914.2
12/06/2015 12:58,Es,960.1
12/06/2015 12:59,Es,639.6
12/06/2015 12:59,Es,891.2
12/06/2015 13:00,Es,668.8
12/06/2015 13:00,Es,890
12/06/2015 13:02,Es,645.8
12/06/2015 13:02,Es,767.3
12/06/2015 13:03,Es,848.8
12/06/2015 13:03,Es,848.8
12/06/2015 13:03,Es,1033.4
12/06/2015 13:05,Es,949.7
12/06/2015 13:05,Es,963.4
12/06/2015 13:06,Es,848.8
12/06/2015 13:07,Es,663.6
12/06/2015 13:09,Es,815.1
12/06/2015 13:10,Es,864.8
12/06/2015 13:10,Es,924.8
12/06/2015 13:11,Es,835.1
12/06/2015 13:13,Es,822.8
12/06/2015 13:13,Es,890
12/06/2015 13:14,Es,720.4
12/06/2015 13:14,Es,862.1
12/06/2015 13:14,Es,1024.6
12/06/2015 13:15,Es,890
12/06/2015 13:16,Es,824.8
12/06/2015 13:16,Es,848.8
12/06/2015 13:16,Es,890
12/06/2015 13:17,Es,857.4
12/06/2015 13:20,Es,848.8
12/06/2015 13:24,Es,931.1
12/06/2015 13:50,Es,832.8
12/06/2015 18:10,Es,1190.5
12/06/2015 19:23,Es,1209.7
12/06/2015 19:44,Es,1300.5
13/06/2015 10:40,Es,1300.5
14/06/2015 13:49,Es,956.6
14/06/2015 16:29,MS,527.3
14/06/2015 20:47,Es,1152.3
14/06/2015 20:47,Es,1240.8
16/06/2015 11:56,Es,1087.5
16/06/2015 11:56,Es,1114.7
16/06/2015 11:56,Es,1117.2
16/06/2015 11:57,Es,1024.6
16/06/2015 11:58,Es,1070.1
16/06/2015 12:47,Es,1383.7
16/06/2015 14:03,Tropo,149.7
16/06/2015 14:31,Es,1160.8
16/06/2015 15:27,Es,1132.7
16/06/2015 17:10,Es,933.1
16/06/2015 17:14,Es,1209.5
16/06/2015 17:15,Es,1239.3
16/06/2015 17:21,Es,1140.9
16/06/2015 17:21,Es,1140.9
16/06/2015 17:22,Es,819.5
16/06/2015 17:22,Es,1036.5
16/06/2015 17:22,Es,1153.4
16/06/2015 17:22,Es,1218.3
16/06/2015 17:23,Es,1364.6
16/06/2015 17:24,Es,1036.5
16/06/2015 17:26,Es,1036.4
16/06/2015 17:26,Es,1050
16/06/2015 17:27,Es,1036.5
16/06/2015 17:27,Es,1368.7
16/06/2015 17:29,Es,885
16/06/2015 17:31,Es,941.1
16/06/2015 17:31,Es,1036.5
16/06/2015 17:31,Es,1137.5
16/06/2015 17:32,Es,843.4
16/06/2015 17:32,Es,1020
16/06/2015 17:33,Es,1140.9
16/06/2015 17:34,Es,721.8
16/06/2015 17:34,Es,1153.4
16/06/2015 17:35,Es,1140.9
16/06/2015 17:35,Es,1153.4
16/06/2015 17:35,Es,1156.5
16/06/2015 17:38,Es,1001
16/06/2015 17:42,Es,849.4
16/06/2015 17:42,Es,903.9
16/06/2015 17:43,Es,1190.5
16/06/2015 17:44,Es,952.9
16/06/2015 17:45,Es,1036.4
16/06/2015 17:45,Es,1153.4
16/06/2015 17:46,Es,1034.3
16/06/2015 17:46,Es,1035.8
16/06/2015 17:46,Es,1036.5
16/06/2015 17:47,Es,986.5
16/06/2015 17:47,Es,1036.5
16/06/2015 17:48,Es,919.6
16/06/2015 17:48,Es,1300.6
16/06/2015 17:49,Es,898.8
16/06/2015 17:49,Es,997.9
16/06/2015 17:52,Es,1036.5
16/06/2015 17:56,Es,849.4
16/06/2015 17:56,Es,1076.4
16/06/2015 18:00,Es,1288.3
16/06/2015 18:07,Es,765.8
16/06/2015 18:07,Es,1266.4
16/06/2015 18:10,Es,951.8
16/06/2015 18:10,Es,951.8
16/06/2015 18:13,Es,919.6
16/06/2015 18:15,Es,794.1
16/06/2015 18:19,Es,1048.2
16/06/2015 18:23,Es,994
16/06/2015 18:25,Es,1190.5
16/06/2015 18:32,Es,1298.2
16/06/2015 18:33,Es,1077.6
16/06/2015 18:34,Es,1077.6
16/06/2015 18:36,Es,1012.9
16/06/2015 18:47,Es,695.3
16/06/2015 18:48,Es,1075.8
16/06/2015 18:50,Es,1243.5
16/06/2015 18:51,Es,1243.5
16/06/2015 18:53,Es,772.1
16/06/2015 18:54,Es,750.6
16/06/2015 18:54,Es,1168.3
16/06/2015 18:55,Es,1191.8
16/06/2015 18:55,Es,1304.5
16/06/2015 19:03,Es,1075.8
16/06/2015 19:04,Es,982.5
16/06/2015 19:06,Es,1043.7
16/06/2015 19:11,Es,807.7
16/06/2015 19:11,Es,807.7
16/06/2015 19:12,Es,919.8
16/06/2015 19:12,Es,974.8
16/06/2015 19:15,Es,1300.5
16/06/2015 19:20,Es,946.8
16/06/2015 19:20,Es,994.4
16/06/2015 19:20,Es,994.6
16/06/2015 19:20,Es,994.6
16/06/2015 19:26,Es,762
16/06/2015 19:27,Es,1017.2
16/06/2015 19:30,Es,1266.5
16/06/2015 19:32,Es,1191.8
16/06/2015 19:33,Es,1266.5
16/06/2015 19:36,Es,1168.3
16/06/2015 19:38,Es,1160.8
16/06/2015 19:41,Es,1266.5
16/06/2015 19:43,Es,1191.8
16/06/2015 19:45,Es,942.2
16/06/2015 19:48,Es,1184.5
16/06/2015 19:56,Es,1285.7
16/06/2015 20:16,Es,1209.7
16/06/2015 20:18,Es,1168.3
18/06/2015 14:39,Es,1168.3
18/06/2015 14:56,Es,1243.5
18/06/2015 15:23,Es,960.1
18/06/2015 15:28,Es,726.3
18/06/2015 15:28,Es,1114.7
18/06/2015 15:30,Es,1007.4
18/06/2015 15:33,Es,1114.7
18/06/2015 15:36,Es,835.3
18/06/2015 15:36,Es,973
18/06/2015 17:26,Es,1300.5
18/06/2015 17:28,Es,1300.5
18/06/2015 17:30,Es,1191.8
18/06/2015 17:39,Es,645.8
18/06/2015 17:40,Es,1095.3
18/06/2015 17:41,Es,1044.2
18/06/2015 17:44,Es,1235
18/06/2015 18:15,Es,807.7
18/06/2015 18:20,Es,919.8
18/06/2015 18:27,Es,994.4
18/06/2015 18:30,Es,1191.8
18/06/2015 18:30,Es,1266.5
18/06/2015 18:31,Es,1266.5
18/06/2015 18:40,Es,1168.3
18/06/2015 18:49,Es,1075.8
18/06/2015 19:08,Es,1077.6
18/06/2015 19:28,Es,1298.2
18/06/2015 19:31,Es,1036.5
18/06/2015 19:33,Es,695.3
18/06/2015 19:36,Es,731.4
18/06/2015 19:39,Es,724.3
18/06/2015 19:40,Es,843.9
18/06/2015 19:54,Es,1266.4
18/06/2015 20:05,Es,1483.3
18/06/2015 20:08,Es,1226
18/06/2015 20:12,Es,919.8
18/06/2015 20:14,Es,723.9
18/06/2015 20:17,Es,723.9
18/06/2015 20:21,Es,1321.9
18/06/2015 20:45,Es,1122
18/06/2015 22:01,Es,1243.5
18/06/2015 22:02,Es,1017.2
18/06/2015 22:32,Es,1160.8
18/06/2015 22:47,Es,831.5
18/06/2015 22:48,Es,851.7
18/06/2015 22:49,Es,813
18/06/2015 22:50,Es,774.2
18/06/2015 22:50,Es,774.2
18/06/2015 22:50,Es,977.8
18/06/2015 22:50,Es,977.8
18/06/2015 22:51,Es,798.5
18/06/2015 22:52,Es,1033.4
18/06/2015 22:53,Es,885.9
18/06/2015 22:54,Es,965.6
18/06/2015 22:56,Es,919.6
18/06/2015 22:57,Es,927.9
18/06/2015 22:58,Es,767.7
18/06/2015 23:01,Es,951.3
18/06/2015 23:01,Es,1054.8
18/06/2015 23:02,Es,973.8
18/06/2015 23:03,Es,783
18/06/2015 23:05,Es,684.2
18/06/2015 23:05,Es,951.3
18/06/2015 23:05,Es,1022
18/06/2015 23:05,Es,1074.1
19/06/2015 22:27,Tropo,226.9
20/06/2015 08:04,Es,1209.7
20/06/2015 08:31,Es,1160.8
20/06/2015 08:37,Es,1322.9
20/06/2015 08:40,Es,1322.9
20/06/2015 08:44,Es,1304.5
20/06/2015 08:50,Es,1209.7
20/06/2015 08:52,Es,1151.8
20/06/2015 08:54,Es,1168.3
20/06/2015 09:32,Es,1196.5
20/06/2015 09:43,Es,1034.2
20/06/2015 09:48,Es,974.8
20/06/2015 10:15,Es,1383.7
20/06/2015 10:17,Es,1351.1
20/06/2015 10:18,Es,1352.6
20/06/2015 10:20,Es,1042.4
20/06/2015 10:24,Es,1069.8
20/06/2015 10:41,Es,1021.4
21/06/2015 09:58,Es,974.8
21/06/2015 12:42,Es,1090.9
21/06/2015 12:47,Es,1235
21/06/2015 13:08,Es,1044.2
21/06/2015 16:06,Es,1291.3
21/06/2015 16:07,Es,1085.1
21/06/2015 16:08,Es,1342
21/06/2015 16:11,Es,1252.1
21/06/2015 16:16,Es,1083.5
21/06/2015 16:17,Es,1376.9
21/06/2015 16:19,Es,1105.3
21/06/2015 16:22,Es,967.2
21/06/2015 16:23,Es,1291.3
21/06/2015 16:24,Es,1215.2
21/06/2015 16:24,Es,1215.2
21/06/2015 16:35,Es,925.6
21/06/2015 16:36,Es,783
21/06/2015 16:36,Es,1064
21/06/2015 16:37,Es,822.9
21/06/2015 16:38,Es,861.4
21/06/2015 16:38,Es,875.7
21/06/2015 16:39,Es,914.7
21/06/2015 16:44,Es,527.3
21/06/2015 16:44,Es,712.7
21/06/2015 16:46,Es,922.1
21/06/2015 16:46,Es,1038.7
21/06/2015 16:58,Es,1300.5
21/06/2015 17:01,Es,1036.5
21/06/2015 17:14,Es,1031
21/06/2015 17:15,Es,793.6
21/06/2015 17:15,Es,1175.2
21/06/2015 17:17,Es,1179.8
21/06/2015 17:21,Es,866.1
21/06/2015 17:21,Es,969.2
21/06/2015 17:22,Es,1099
21/06/2015 17:22,Es,1132.5
21/06/2015 17:24,Es,1224.5
21/06/2015 17:26,Es,977
21/06/2015 17:31,Es,612.8
21/06/2015 17:31,Es,630.7
21/06/2015 17:31,Es,948.5
21/06/2015 17:32,Es,863.4
21/06/2015 17:33,Es,866.2
21/06/2015 17:34,Es,883.6
21/06/2015 17:34,Es,938.2
21/06/2015 17:36,Es,956.6
21/06/2015 17:45,Es,779.5
21/06/2015 17:45,Es,886.2
21/06/2015 17:46,Es,783.3
21/06/2015 17:51,Es,1016
21/06/2015 17:53,Es,956.6
21/06/2015 18:00,Es,1237.8
21/06/2015 18:18,Es,1126.5
21/06/2015 18:23,Es,1300.5
21/06/2015 18:24,Es,741.2
21/06/2015 18:32,Es,726.8
21/06/2015 18:34,Es,816.5
21/06/2015 18:35,Es,1314.3
21/06/2015 18:37,Es,786.8
21/06/2015 18:50,Es,1357.9
21/06/2015 18:52,Es,907.7
21/06/2015 19:01,Es,925.6
21/06/2015 19:05,Es,1135.4
21/06/2015 19:23,Es,1059
21/06/2015 19:23,Es,1214.3
21/06/2015 19:25,Es,881.5
21/06/2015 19:25,Es,1107.4
21/06/2015 19:27,Es,1291.2
21/06/2015 19:28,Es,952.9
21/06/2015 19:29,Es,969.2
21/06/2015 19:29,Es,1055.7
21/06/2015 19:33,Es,916.1
21/06/2015 19:35,Es,1024
21/06/2015 19:39,Es,1076.3
21/06/2015 19:39,Es,1098.4
21/06/2015 19:39,Es,1221
21/06/2015 19:48,Es,1022
21/06/2015 19:51,Es,1415.8
21/06/2015 19:54,Es,925.6
21/06/2015 19:57,Es,1020.3
21/06/2015 20:42,Es,893.3
21/06/2015 21:20,Es,972.5
22/06/2015 05:22,Es,1068
22/06/2015 05:24,Es,1067.8
22/06/2015 05:35,Es,822.9
22/06/2015 05:39,Es,1350.4
22/06/2015 05:53,Es,1301
22/06/2015 06:16,Es,710.5
22/06/2015 06:19,Es,889.9
22/06/2015 06:34,Es,954.7
22/06/2015 07:40,Es,1463.4
22/06/2015 07:54,Es,1118.7
22/06/2015 07:58,Es,1085.1
22/06/2015 08:02,Es,1342
22/06/2015 08:21,Es,1242.3
22/06/2015 08:21,Es,1291.3
22/06/2015 08:32,Es,1252.1
22/06/2015 08:45,Es,1307.5
22/06/2015 08:45,Es,1376.9
22/06/2015 08:53,Es,811.9
22/06/2015 09:00,Es,1107.4
22/06/2015 09:05,Es,944.8
22/06/2015 09:05,Es,1046.4
22/06/2015 09:05,Es,1168.8
22/06/2015 09:09,Es,961
22/06/2015 09:11,Es,1261.8
22/06/2015 09:14,Es,1076.3
22/06/2015 09:14,Es,1515.6
22/06/2015 09:26,Es,1168.8
22/06/2015 10:46,Es,772.1
22/06/2015 10:50,Es,1140.9
22/06/2015 11:03,Es,1140.9
22/06/2015 11:06,Es,1368.7
22/06/2015 11:14,Es,1036.4
22/06/2015 11:15,Es,1330.4
22/06/2015 11:21,Es,1330.4
22/06/2015 11:21,Es,1330.4
22/06/2015 11:30,Es,1132.7
22/06/2015 11:41,Es,1321.9
22/06/2015 12:01,Es,1253.2
22/06/2015 12:23,Es,1077.6
22/06/2015 12:42,Es,1075.8
22/06/2015 14:48,Es,1266.4
22/06/2015 15:13,Es,819.5
22/06/2015 16:08,Es,1060.4
22/06/2015 16:08,Es,1126.5
22/06/2015 16:09,Es,907.7
22/06/2015 16:09,Es,1016.1
22/06/2015 16:10,Es,1190.5
22/06/2015 16:11,Es,1076.4
22/06/2015 16:11,Es,1126.5
22/06/2015 16:11,Es,1298.2
22/06/2015 16:15,Es,966
22/06/2015 16:16,Es,916.4
22/06/2015 16:16,Es,1051.2
22/06/2015 16:18,Es,974.1
22/06/2015 16:19,Es,720.8
22/06/2015 16:19,Es,836.6
22/06/2015 16:19,Es,1137.5
22/06/2015 16:20,Es,721.8
22/06/2015 16:21,Es,831.7
22/06/2015 16:21,Es,997.9
22/06/2015 16:22,Es,832.3
22/06/2015 16:22,Es,885
22/06/2015 16:22,Es,996.3
22/06/2015 16:23,Es,901.2
22/06/2015 16:23,Es,961.7
22/06/2015 16:23,Es,1315.7
22/06/2015 16:24,Es,1153.4
22/06/2015 16:29,Es,1042.9
22/06/2015 16:31,Es,1033
22/06/2015 16:32,Es,1036.5
22/06/2015 16:33,Es,843.4
22/06/2015 16:33,Es,1036.5
22/06/2015 16:41,Es,1036.8
22/06/2015 16:43,Es,1031.8
22/06/2015 16:44,Es,1033
22/06/2015 16:44,Es,1036.8
22/06/2015 16:45,Es,1036.5
22/06/2015 16:46,Es,1036.5
22/06/2015 16:46,Es,1036.5
22/06/2015 16:47,Es,1036.5
22/06/2015 16:47,Es,1036.5
22/06/2015 16:51,Es,1036.5
22/06/2015 16:51,Es,1036.5
22/06/2015 16:52,Es,1036.5
22/06/2015 16:53,Es,849.3
22/06/2015 17:07,Es,1315.8
22/06/2015 17:09,Es,850
22/06/2015 17:14,Es,858.1
22/06/2015 17:18,Es,859.8
22/06/2015 17:26,Es,1140.9
22/06/2015 17:27,Es,972.5
22/06/2015 17:30,Es,996.1
22/06/2015 17:33,Es,1244.4
22/06/2015 17:34,Es,919.4
22/06/2015 17:35,Es,807
22/06/2015 17:36,Es,1298.2
22/06/2015 17:36,Es,1325.5
22/06/2015 17:38,Es,952.9
22/06/2015 17:38,Es,972.6
22/06/2015 17:41,Es,901.2
22/06/2015 17:41,Es,1140.9
22/06/2015 17:44,Es,669.7
22/06/2015 17:46,Es,912.4
22/06/2015 17:47,Es,669.7
22/06/2015 17:47,Es,843.9
22/06/2015 17:48,Es,727
22/06/2015 17:48,Es,885.5
22/06/2015 17:48,Es,992.9
22/06/2015 17:49,Es,981.6
22/06/2015 17:50,Es,893.3
22/06/2015 17:53,Es,868.6
22/06/2015 17:54,Es,981.6
22/06/2015 17:56,Es,912.4
22/06/2015 17:59,Es,851
22/06/2015 18:00,Es,533.3
22/06/2015 18:00,Es,806
22/06/2015 18:00,Es,881.6
22/06/2015 18:01,Es,885.3
22/06/2015 18:02,Es,881.6
22/06/2015 18:04,Es,638.4
22/06/2015 18:10,Es,861.7
22/06/2015 18:10,Es,864.5
22/06/2015 18:14,Es,882.5
22/06/2015 18:26,Es,1353
22/06/2015 18:31,Es,940.6
22/06/2015 18:34,Es,1016
23/06/2015 17:02,Es,952.8
25/06/2015 16:29,Es,1081.9
25/06/2015 16:29,Es,1267.2
25/06/2015 16:34,Es,1383.6
25/06/2015 16:35,Es,890.2
25/06/2015 16:37,Es,1253.1
25/06/2015 16:40,Es,1445
25/06/2015 16:44,Es,1152.3
25/06/2015 16:44,Es,1166.2
25/06/2015 16:49,Es,1386.1
25/06/2015 16:54,Es,1240.8
25/06/2015 17:07,Es,1342.5
25/06/2015 17:21,Es,1176.8
25/06/2015 20:03,Es,986.5
25/06/2015 20:03,Es,1036.4
25/06/2015 20:04,Es,1036.5
25/06/2015 20:05,Es,1036.5
25/06/2015 20:42,Es,956.6
25/06/2015 20:51,Es,1234.6
25/06/2015 21:10,Es,1017.2
25/06/2015 21:20,Es,977
25/06/2015 21:21,Es,1067
26/06/2015 07:36,Es,1383.7
26/06/2015 07:43,Es,977.8
26/06/2015 10:21,Es,1120.1
26/06/2015 11:35,Es,1076.3
26/06/2015 11:36,Es,982
26/06/2015 11:38,Es,1291.2
26/06/2015 11:53,Es,982
26/06/2015 11:54,Es,1022
26/06/2015 16:17,Es,977.8
26/06/2015 16:39,Es,1028.7
26/06/2015 16:41,Es,1106.4
26/06/2015 16:46,Es,1383.7
26/06/2015 16:56,Es,1351.1
26/06/2015 17:48,Es,1122
26/06/2015 17:56,Es,1177.9
26/06/2015 18:15,Es,1021.4
26/06/2015 18:24,Es,1386.1
26/06/2015 18:28,Es,1075.8
26/06/2015 18:42,Es,762
26/06/2015 18:44,Es,1081.9
26/06/2015 18:44,Es,1253.1
26/06/2015 18:45,Es,1087.5
26/06/2015 18:47,Es,835.1
26/06/2015 18:47,Es,848.8
26/06/2015 18:47,Es,1054.8
26/06/2015 18:48,Es,951.3
26/06/2015 18:50,Es,919.8
26/06/2015 18:52,Es,1122
26/06/2015 18:54,Es,717.5
26/06/2015 18:54,Es,945.5
26/06/2015 18:55,Es,975.3
26/06/2015 18:55,Es,1074.1
26/06/2015 18:56,Es,945.5
26/06/2015 18:57,Es,1037.1
26/06/2015 18:58,Es,890
26/06/2015 18:59,Es,646.5
26/06/2015 19:01,Es,650.7
26/06/2015 19:03,Es,847.7
26/06/2015 19:10,Es,735.3
26/06/2015 19:13,Es,650.7
26/06/2015 19:15,Es,1225.8
26/06/2015 19:16,Es,951.3
26/06/2015 19:17,Es,951.3
26/06/2015 19:19,Es,951.3
26/06/2015 19:20,Es,743.2
26/06/2015 19:21,Es,763.1
26/06/2015 19:21,Es,975.8
26/06/2015 19:22,Es,770.4
26/06/2015 19:22,Es,771.5
26/06/2015 19:28,Es,787.6
26/06/2015 19:28,Es,823.9
26/06/2015 19:29,Es,822.8
26/06/2015 19:30,Es,787.6
26/06/2015 19:30,Es,931.1
26/06/2015 19:32,Es,931.1
26/06/2015 19:32,Es,973.8
26/06/2015 19:33,Es,696.4
27/06/2015 12:37,Es,1054.8
28/06/2015 13:30,Es,711
28/06/2015 13:30,Es,1351.1
28/06/2015 13:33,Es,977.8
28/06/2015 13:35,Es,1383.7
01/07/2015 18:05,Es,977.8
03/07/2015 11:07,Es,642.3
03/07/2015 11:15,Es,690.2
03/07/2015 11:16,Es,952.8
03/07/2015 11:21,Es,1096
03/07/2015 11:27,Es,678.5
04/07/2015 07:22,Tropo,271.1
04/07/2015 07:24,Es,1096
04/07/2015 07:36,Tropo,271.6
06/07/2015 20:11,Es,1122
06/07/2015 20:12,Es,645.8
06/07/2015 20:12,Es,960.3
06/07/2015 20:12,Es,1069.3
06/07/2015 20:12,Es,1071.3
06/07/2015 20:13,Es,1069.3
06/07/2015 20:13,Es,1069.8
06/07/2015 20:13,Es,1120.1
06/07/2015 20:14,Es,951.3
06/07/2015 20:15,Es,910.4
06/07/2015 20:15,Es,910.4
06/07/2015 20:15,Es,1027.7
06/07/2015 20:16,Es,1021.4
06/07/2015 20:17,Es,907.7
06/07/2015 20:18,Es,900.2
06/07/2015 20:18,Es,910.4
06/07/2015 20:26,Es,1015.3
06/07/2015 20:54,Es,711.2
07/07/2015 07:52,Es,1047.3
07/07/2015 07:52,Es,1107.1
07/07/2015 08:06,Es,785.3
07/07/2015 08:12,Es,788
07/07/2015 08:14,Es,786.8
07/07/2015 08:14,Es,972.5
07/07/2015 08:16,Es,953.6
07/07/2015 08:18,Es,966
07/07/2015 08:20,Es,1016.3
07/07/2015 08:22,Es,668
07/07/2015 08:23,Es,849.4
07/07/2015 08:23,Es,1137.5
07/07/2015 08:27,Es,859.8
07/07/2015 08:29,Es,963.4
07/07/2015 08:29,Es,966.2
07/07/2015 08:29,Es,1153.4
07/07/2015 08:30,Es,996.3
07/07/2015 08:30,Es,1140.9
07/07/2015 08:31,Es,725
07/07/2015 08:31,Es,871.7
07/07/2015 08:32,Es,1033
07/07/2015 08:32,Es,1036.4
07/07/2015 08:32,Es,1036.5
07/07/2015 08:33,Es,1036.5
07/07/2015 08:36,Es,726.4
07/07/2015 08:36,Es,885
07/07/2015 08:37,Es,1036.5
07/07/2015 08:38,Es,1036.5
07/07/2015 08:41,Es,1036.5
07/07/2015 08:42,Es,815.3
07/07/2015 08:42,Es,843.4
07/07/2015 08:42,Es,1033
07/07/2015 08:42,Es,1036.5
07/07/2015 08:44,Es,1247
07/07/2015 08:48,Es,703.7
07/07/2015 08:56,Es,724.7
07/07/2015 08:58,Es,772.6
07/07/2015 09:07,Es,665.3
07/07/2015 09:07,Es,1013.4
07/07/2015 09:08,Es,689.5
07/07/2015 09:10,Es,919.5
07/07/2015 09:13,Es,984.6
07/07/2015 09:14,Es,766.2
07/07/2015 09:15,Es,1333.5
07/07/2015 09:18,Es,766.2
07/07/2015 09:34,Es,685.6
07/07/2015 09:34,Es,1139.3
07/07/2015 09:35,Es,703.1
07/07/2015 09:35,Es,769.1
07/07/2015 09:35,Es,769.1
07/07/2015 09:36,Es,732.3
07/07/2015 09:36,Es,762.7
07/07/2015 09:37,Es,748.1
07/07/2015 09:42,Es,685
07/07/2015 09:42,Es,1082.1
07/07/2015 09:44,Es,691.5
07/07/2015 09:47,Es,919.6
07/07/2015 09:48,Es,627.9
07/07/2015 09:48,Es,781.9
07/07/2015 09:49,Es,807.7
07/07/2015 09:50,Es,813.2
07/07/2015 09:50,Es,1082.4
07/07/2015 09:51,Es,821.4
07/07/2015 09:51,Es,822.8
07/07/2015 09:58,Es,890
07/07/2015 09:58,Es,919.6
07/07/2015 09:59,Es,807.4
07/07/2015 10:03,Es,690.7
07/07/2015 10:04,Es,683.2
07/07/2015 10:04,Es,891.2
07/07/2015 10:06,Es,682.9
07/07/2015 10:06,Es,715.4
07/07/2015 10:07,Es,654.1
07/07/2015 10:08,Es,924.8
07/07/2015 10:09,Es,835.1
07/07/2015 10:09,Es,946.1
07/07/2015 10:10,Es,848.8
07/07/2015 10:10,Es,848.8
07/07/2015 10:10,Es,960.1
07/07/2015 10:11,Es,848.8
07/07/2015 10:11,Es,857.4
07/07/2015 10:11,Es,1033.4
07/07/2015 10:14,Es,847.7
07/07/2015 10:15,Es,695.7
07/07/2015 10:15,Es,1033.4
07/07/2015 10:16,Es,864.8
07/07/2015 10:17,Es,890
07/07/2015 10:17,Es,919.9
07/07/2015 10:18,Es,890
07/07/2015 10:23,Es,1028.7
07/07/2015 10:26,Es,821.4
07/07/2015 10:31,Es,771.5
07/07/2015 10:33,Es,822.8
07/07/2015 10:33,Es,932.1
07/07/2015 10:34,Es,748.8
07/07/2015 10:34,Es,822.8
07/07/2015 10:34,Es,910.4
07/07/2015 10:34,Es,1083.6
07/07/2015 10:34,Es,1102.5
07/07/2015 10:41,Es,808.4
07/07/2015 10:41,Es,907.7
07/07/2015 10:42,Es,863.1
07/07/2015 10:42,Es,872.7
07/07/2015 10:43,Es,984
07/07/2015 10:45,Es,1015.3
07/07/2015 10:48,Es,931.1
07/07/2015 10:55,Es,654.1
07/07/2015 10:57,Es,837.7
07/07/2015 10:59,Es,709.7
07/07/2015 10:59,Es,1044.7
07/07/2015 11:01,Es,720.5
07/07/2015 11:01,Es,849
07/07/2015 11:01,Es,1015.3
07/07/2015 11:01,Es,1015.3
07/07/2015 11:03,Es,709.7
07/07/2015 11:03,Es,829.3
07/07/2015 11:03,Es,849
07/07/2015 11:03,Es,980.4
07/07/2015 11:03,Es,1003.6
07/07/2015 11:03,Es,1015.3
07/07/2015 11:03,Es,1017
07/07/2015 11:05,Es,817.5
07/07/2015 11:05,Es,913.4
07/07/2015 11:06,Es,778.2
07/07/2015 11:07,Es,691.3
07/07/2015 11:07,Es,746.8
07/07/2015 11:14,Es,762.6
07/07/2015 11:15,Es,731.7
07/07/2015 11:19,Es,731.7
07/07/2015 11:21,Es,744.5
07/07/2015 11:21,Es,927.9
07/07/2015 13:54,Es,1038.7
07/07/2015 13:58,Es,875.7
07/07/2015 14:01,Es,819.4
07/07/2015 14:05,Es,986.5
07/07/2015 14:05,Es,986.5
07/07/2015 14:07,Es,875.7
07/07/2015 14:07,Es,958.4
07/07/2015 14:08,Es,1038.7
07/07/2015 14:08,Es,1301
07/07/2015 14:10,Es,745.2
07/07/2015 14:10,Es,925.6
07/07/2015 14:13,Es,904.7
07/07/2015 14:13,Es,925.6
07/07/2015 14:14,Es,903.8
07/07/2015 14:19,Es,925.6
07/07/2015 14:21,Es,904.6
07/07/2015 14:26,Es,783
07/07/2015 14:26,Es,1020.3
07/07/2015 14:28,Es,965.4
07/07/2015 14:28,Es,1028.7
07/07/2015 14:30,Es,1064
07/07/2015 14:37,Es,1068
07/07/2015 14:42,Es,1126.9
07/07/2015 14:46,Es,710.5
07/07/2015 14:46,Es,1061.5
08/07/2015 14:59,Es,1153.4
08/07/2015 15:01,Es,1140.9
08/07/2015 15:09,Es,1033
08/07/2015 15:11,Es,1036.4
08/07/2015 15:13,Es,1036.5
08/07/2015 15:53,Es,1266.4
08/07/2015 16:05,Es,1036.5
08/07/2015 16:26,Es,1036.5
08/07/2015 16:35,Es,1140.9
08/07/2015 17:48,Es,1067
08/07/2015 17:51,Es,977
08/07/2015 17:51,Es,1181.8
08/07/2015 17:56,Es,956.6
08/07/2015 17:56,Es,1224.5
08/07/2015 18:05,Es,1099.1
08/07/2015 18:08,Es,685
08/07/2015 18:08,Es,1680.1
08/07/2015 18:09,Es,881.9
08/07/2015 18:09,Es,1016
08/07/2015 18:09,Es,1202.9
08/07/2015 18:10,Es,969.2
08/07/2015 18:10,Es,1018
08/07/2015 18:12,Es,1135.5
08/07/2015 18:13,Es,916.2
08/07/2015 18:14,Es,1016
08/07/2015 18:18,Es,1003.9
08/07/2015 18:19,Es,952.9
08/07/2015 18:20,Es,1003.9
08/07/2015 18:20,Es,1046.3
08/07/2015 18:20,Es,1135.4
08/07/2015 18:22,Es,1327.6
08/07/2015 18:23,Es,1022.3
08/07/2015 18:23,Es,1327.6
08/07/2015 18:24,Es,1044.2
08/07/2015 18:24,Es,1463.4
08/07/2015 18:25,Es,1065.1
08/07/2015 18:27,Es,1003.9
08/07/2015 18:30,Es,925.6
08/07/2015 18:31,Es,978.3
08/07/2015 18:33,Es,885.9
08/07/2015 18:35,Es,1074.7
08/07/2015 18:39,Es,1291.2
08/07/2015 18:40,Es,982
08/07/2015 18:43,Es,1204.4
09/07/2015 09:30,Es,960.3
09/07/2015 09:32,Es,1069.3
09/07/2015 09:33,Es,1069.3
09/07/2015 09:35,Es,1066.7
09/07/2015 09:35,Es,1069.8
09/07/2015 09:36,Es,1069.3
09/07/2015 09:37,Es,1122
09/07/2015 09:38,Es,822.8
09/07/2015 09:40,Es,931.1
09/07/2015 09:40,Es,1088.8
09/07/2015 09:42,Es,1093.8
09/07/2015 12:10,Es,870
09/07/2015 12:13,Es,978.3
09/07/2015 12:18,Es,1076.3
09/07/2015 12:20,Es,916.1
09/07/2015 12:22,Es,847.8
09/07/2015 12:24,Es,761.4
09/07/2015 12:24,Es,992.3
09/07/2015 12:28,Es,831.3
09/07/2015 12:28,Es,881.5
09/07/2015 12:33,Es,842.5
09/07/2015 13:52,Es,1168.3
09/07/2015 13:52,Es,1266.5
09/07/2015 14:06,Es,1266.5
09/07/2015 17:24,Es,807.7
14/07/2015 09:56,Es,1029.4
14/07/2015 09:57,Es,842.5
14/07/2015 09:57,Es,881.5
14/07/2015 09:58,Es,811.9
14/07/2015 09:59,Es,761.4
14/07/2015 10:00,Es,761.4
14/07/2015 10:01,Es,922.1
14/07/2015 10:02,Es,842.5
14/07/2015 10:02,Es,946.5
14/07/2015 10:02,Es,1069.8
14/07/2015 10:03,Es,784.5
14/07/2015 10:04,Es,1107.4
14/07/2015 10:06,Es,1107.4
14/07/2015 10:07,Es,992.3
14/07/2015 10:08,Es,794.8
14/07/2015 10:08,Es,922.1
14/07/2015 10:08,Es,1076.3
14/07/2015 10:08,Es,1109.5
14/07/2015 10:09,Es,881.5
14/07/2015 10:10,Es,761.4
14/07/2015 10:10,Es,916.1
14/07/2015 10:11,Es,707.3
14/07/2015 10:11,Es,730.9
14/07/2015 10:12,Es,922.7
14/07/2015 10:13,Es,707.3
14/07/2015 10:13,Es,794.8
14/07/2015 10:13,Es,982
14/07/2015 10:14,Es,836.5
14/07/2015 10:17,Es,946.5
14/07/2015 10:17,Es,1109.5
14/07/2015 10:21,Es,992.3
16/07/2015 17:31,Es,867.3
16/07/2015 17:31,Es,986.5
16/07/2015 17:31,Es,1036.5
16/07/2015 17:32,Es,1020
16/07/2015 17:32,Es,1036.5
16/07/2015 17:44,Es,1153.4
16/07/2015 17:46,Es,1034.3
16/07/2015 17:47,Es,1027.4
16/07/2015 17:48,Es,1300.6
16/07/2015 17:50,Es,898.8
16/07/2015 17:50,Es,947.3
17/07/2015 07:13,Es,907.7
17/07/2015 07:16,Es,1028.7
17/07/2015 07:16,Es,1383.7
17/07/2015 07:17,Es,1351.1
17/07/2015 07:18,Es,1351.1
17/07/2015 07:19,Es,1090.8
17/07/2015 07:22,Es,1106.4
17/07/2015 07:28,Es,1093.8
17/07/2015 07:28,Es,1112.2
17/07/2015 07:35,Es,1241.6
17/07/2015 07:39,Es,1021.4
17/07/2015 07:45,Es,984
17/07/2015 07:47,Es,1015.3
17/07/2015 15:59,Es,933.1
17/07/2015 15:59,Es,1218.8
17/07/2015 16:08,Es,881.6
17/07/2015 16:08,Es,882.5
17/07/2015 16:08,Es,1307.5
17/07/2015 16:13,Es,1065.1
17/07/2015 16:20,Es,1140.9
17/07/2015 16:21,Es,1140.9
17/07/2015 16:21,Es,1368.7
17/07/2015 16:22,Es,981.6
17/07/2015 16:22,Es,1153.4
17/07/2015 16:24,Es,992.9
17/07/2015 16:47,Es,1118.7
17/07/2015 16:55,Es,1099
17/07/2015 16:55,Es,1137.5
17/07/2015 17:10,Es,956.6
17/07/2015 17:14,Es,1016
17/07/2015 17:19,Es,952.9
17/07/2015 17:21,Es,881.9
17/07/2015 17:21,Es,1046.3
17/07/2015 17:28,Es,1197.7
17/07/2015 17:42,Es,812.7
17/07/2015 17:42,Es,952.9
17/07/2015 17:45,Es,989.9
17/07/2015 17:51,Es,2122.3
17/07/2015 17:56,Es,2110.4
17/07/2015 19:03,Es,731.7
17/07/2015 19:03,Es,818.8
17/07/2015 19:04,Es,815.6
17/07/2015 19:12,Es,1082.4
17/07/2015 19:15,Es,1191.4
17/07/2015 19:16,Es,695.9
17/07/2015 19:19,Es,977.5
17/07/2015 19:29,Es,994
17/07/2015 19:35,Es,786.8
17/07/2015 19:42,Es,954.2
17/07/2015 19:44,Es,1132.7
17/07/2015 19:45,Es,667.6
17/07/2015 19:45,Es,777.8
17/07/2015 19:46,Es,892.1
27/07/2015 12:55,Es,1060.4
27/07/2015 16:16,Es,1300.5
27/07/2015 16:38,Es,1300.5
31/07/2015 18:34,Es,890
01/08/2015 08:39,Es,1160.8
01/08/2015 08:40,Es,967.2
01/08/2015 08:44,Es,807.7
01/08/2015 08:45,Es,807.7
01/08/2015 08:47,Es,1114.7
01/08/2015 08:51,Es,1033.4
01/08/2015 08:52,Es,977.8
01/08/2015 08:54,Es,1151.8
01/08/2015 08:55,Es,1022.5
01/08/2015 08:55,Es,1069.8
01/08/2015 08:56,Es,759.7
01/08/2015 08:57,Es,1007.4
01/08/2015 08:58,Es,1069.3
01/08/2015 08:58,Es,1114.7
01/08/2015 08:59,Es,960.3
01/08/2015 08:59,Es,1120.1
01/08/2015 09:01,Es,1122
01/08/2015 09:07,Es,1069.8
01/08/2015 09:08,Es,1069.3
01/08/2015 09:09,Es,787.6
01/08/2015 09:11,Es,1017.2
01/08/2015 09:13,Es,1042.4
01/08/2015 09:17,Es,931.1
01/08/2015 09:17,Es,1088.8
01/08/2015 09:18,Es,1069.3
01/08/2015 09:22,Es,1066.7
01/08/2015 09:24,Es,1090.8
01/08/2015 09:26,Es,931.1
01/08/2015 09:27,Es,1083.6
01/08/2015 09:29,Es,977.8
01/08/2015 09:47,Es,1027.7
01/08/2015 09:52,Es,907.7
01/08/2015 09:54,Es,984
01/08/2015 09:55,Es,951.3
01/08/2015 09:56,Es,1015.3
01/08/2015 09:57,Es,980.4
01/08/2015 09:58,Es,817.5
01/08/2015 09:59,Es,1015.3
01/08/2015 10:00,Es,1204.9
01/08/2015 10:01,Es,1021.4
01/08/2015 10:02,Es,1015.3
01/08/2015 10:04,Es,982.5
01/08/2015 10:20,Es,1034.2
01/08/2015 10:44,Es,650.4
01/08/2015 10:46,Es,847.7
01/08/2015 10:55,Es,951.3
01/08/2015 19:05,Es,847.7
01/08/2015 19:06,Es,890
01/08/2015 19:07,Es,1077
01/08/2015 19:09,Es,963.4
01/08/2015 19:09,Es,1070.7
01/08/2015 19:11,Es,854.1
01/08/2015 19:11,Es,945.6
01/08/2015 19:11,Es,949.7
01/08/2015 19:23,Es,960.1
01/08/2015 19:23,Es,1033.4
01/08/2015 19:38,Es,946.8
01/08/2015 19:41,Es,1022
01/08/2015 20:02,Es,1034.2
08/08/2015 10:34,Es,1351.1
08/08/2015 10:36,Es,1351.1
08/08/2015 10:47,Es,1093.8
08/08/2015 10:52,Es,1351.1
08/08/2015 10:53,Es,1090.8
08/08/2015 10:58,Es,1106.4
08/08/2015 11:06,Es,977.8
08/08/2015 15:10,Es,1036.5
08/08/2015 15:50,Es,1368.7
08/08/2015 15:52,Es,1140.9
09/08/2015 09:34,Es,1440
09/08/2015 09:50,Es,1016
09/08/2015 10:01,Es,1022
09/08/2015 10:03,Es,1291.2
09/08/2015 10:04,Es,1291.2
09/08/2015 10:25,Es,1107.4
09/08/2015 19:27,Es,1076.3
09/08/2015 19:45,Es,1464.4
10/08/2015 17:07,Es,1168.3
10/08/2015 17:40,Es,1322.9
10/08/2015 17:50,Es,842.4
10/08/2015 18:02,Es,1207.8
10/08/2015 19:03,Es,1092.9
11/08/2015 17:30,Es,891.2
11/08/2015 17:37,Es,847.7
11/08/2015 17:37,Es,914.2
11/08/2015 17:38,Es,640.4
11/08/2015 17:40,Es,683.2
11/08/2015 17:40,Es,762.8
11/08/2015 17:40,Es,891.2
11/08/2015 17:41,Es,683.2
11/08/2015 17:41,Es,996.4
11/08/2015 17:44,Es,951.3
11/08/2015 17:44,Es,982.5
11/08/2015 17:44,Es,1054.8
11/08/2015 17:46,Es,639.6
11/08/2015 17:46,Es,645.8
11/08/2015 17:46,Es,694.2
11/08/2015 17:46,Es,924.8
11/08/2015 17:47,Es,658.6
12/08/2015 00:00,Es,1168.3
13/08/2015 14:08,MS,569.8
13/08/2015 14:08,MS,675.1
13/08/2015 17:00,MS,602
13/08/2015 17:00,MS,776
15/08/2015 15:00,MS,810.4
15/08/2015 18:30,Es,1060.4
15/08/2015 18:37,Es,1140.9
15/08/2015 18:37,Es,1153.4
15/08/2015 18:37,Es,1368.7
15/08/2015 18:38,Es,1132.7
15/08/2015 18:42,Es,1036.4
15/08/2015 18:43,Es,1036.5
15/08/2015 18:43,Es,1036.5
15/08/2015 18:46,Es,1190.5
15/08/2015 18:55,Es,1208.9
15/08/2015 18:55,Es,1253.2
15/08/2015 18:56,Es,1308.3
15/08/2015 19:18,Es,730.6
15/08/2015 19:20,Es,951.3
15/08/2015 20:25,Es,1020.3
15/08/2015 21:37,Es,1096
15/08/2015 21:41,Es,875.7
16/08/2015 15:23,MS,875.7
18/08/2015 22:31,MS,569.8
18/08/2015 22:31,MS,675.1
26/08/2015 15:28,Es,1054.8
26/08/2015 15:40,Es,943.4
26/08/2015 16:43,Es,1204.9
26/08/2015 17:20,Es,837.7
26/08/2015 17:25,Es,1069.3
26/08/2015 17:44,Es,907.7
06/09/2015 16:08,Tropo,226.9
06/09/2015 16:15,Tropo,163.8
06/09/2015 16:42,Tropo,180.1
06/09/2015 19:31,Tropo,171.8
06/09/2015 19:46,Tropo,136.3
08/09/2015 10:56,Tropo,527.6
08/09/2015 11:22,Tropo,611.4
08/09/2015 16:35,Tropo,527.6
08/09/2015 18:56,Tropo,130.2
08/09/2015 21:51,Tropo,546.6
27/09/2015 08:31,Tropo,128.6
28/09/2015 18:39,Tropo,301.4
28/09/2015 18:52,Tropo,180.1
28/09/2015 18:56,Tropo,84.8
28/09/2015 18:59,Tropo,226.9
28/09/2015 19:07,Tropo,135.5
29/09/2015 18:11,Tropo,527.6
29/09/2015 18:22,Tropo,527.6
29/09/2015 18:26,Tropo,180.1
29/09/2015 18:45,Tropo,527.6
29/09/2015 19:23,Tropo,527.6
29/09/2015 20:03,Tropo,531.3
29/09/2015 20:07,Tropo,602
29/09/2015 20:19,Tropo,163.8
29/09/2015 20:21,Tropo,546.6
29/09/2015 20:38,Tropo,531.3
29/09/2015 20:40,Tropo,558.1
30/09/2015 20:22,Tropo,180.1
30/09/2015 20:28,Tropo,45.8
01/10/2015 15:00,Tropo,149.7
01/10/2015 15:02,Tropo,160.9
01/10/2015 16:09,Tropo,527.3
01/10/2015 16:19,Tropo,459.1
01/10/2015 16:23,Tropo,459.1
01/10/2015 16:25,Tropo,512.9
01/10/2015 16:34,Tropo,459.1
01/10/2015 17:43,Tropo,602
01/10/2015 17:46,Tropo,558
01/10/2015 17:48,Tropo,609.3
01/10/2015 17:55,Tropo,642.3
01/10/2015 17:58,Tropo,512.9
01/10/2015 18:02,Tropo,559.7
01/10/2015 18:27,Tropo,531.3
01/10/2015 18:28,Tropo,558.1
01/10/2015 18:33,Tropo,495.9
01/10/2015 19:01,Tropo,624.8
01/10/2015 19:40,Tropo,564.3
01/10/2015 19:44,Tropo,527.3
01/10/2015 19:46,Tropo,527.6
01/10/2015 19:55,Tropo,701.3
01/10/2015 19:58,Tropo,574.8
01/10/2015 20:01,Tropo,711.7
01/10/2015 20:08,Tropo,505.8
01/10/2015 20:13,Tropo,609.3
01/10/2015 20:14,Tropo,574.8
01/10/2015 20:16,Tropo,670.9
01/10/2015 20:28,Tropo,556
01/10/2015 20:34,Tropo,512.4
01/10/2015 20:35,Tropo,583.1
01/10/2015 21:01,Tropo,574.8
01/10/2015 21:39,Tropo,527.6
01/10/2015 21:43,Tropo,750.2
01/10/2015 21:48,Tropo,558.1
01/10/2015 22:27,Tropo,602
02/10/2015 06:23,Tropo,527.3
02/10/2015 06:24,Tropo,512.9
02/10/2015 06:25,Tropo,495.9
02/10/2015 06:28,Tropo,512.9
02/10/2015 06:31,Tropo,609.3
02/10/2015 06:33,Tropo,512.4
02/10/2015 06:36,Tropo,690.2
02/10/2015 06:39,Tropo,558
02/10/2015 06:43,Tropo,512.9
02/10/2015 16:35,Tropo,799.4
02/10/2015 16:46,Tropo,512.9
02/10/2015 16:49,Tropo,505.8
02/10/2015 16:50,Tropo,459.1
02/10/2015 17:08,Tropo,867.7
02/10/2015 17:11,Tropo,583.1
02/10/2015 17:13,Tropo,527.3
02/10/2015 17:15,Tropo,558
02/10/2015 17:16,Tropo,624.8
02/10/2015 17:17,Tropo,527.3
02/10/2015 17:26,Tropo,501.6
02/10/2015 17:42,Tropo,552.5
02/10/2015 17:44,Tropo,527.3
02/10/2015 19:22,Tropo,799.4
02/10/2015 19:25,Tropo,799.4
02/10/2015 19:57,Tropo,609.3
02/10/2015 20:15,Tropo,160.9
02/10/2015 20:17,Tropo,642.3
02/10/2015 21:17,Tropo,564.3
02/10/2015 21:42,Tropo,525.6
02/10/2015 21:49,Tropo,558
02/10/2015 21:49,Tropo,642.3
02/10/2015 21:50,Tropo,609.3
02/10/2015 22:07,Tropo,799.4
02/10/2015 22:13,Tropo,420.1
02/10/2015 22:18,Tropo,611.9
03/10/2015 06:09,Tropo,512.9
03/10/2015 06:11,Tropo,564.3
03/10/2015 06:13,Tropo,516.7
03/10/2015 06:20,Tropo,160.9
03/10/2015 06:23,Tropo,774.8
03/10/2015 06:25,Tropo,505.8
03/10/2015 06:25,Tropo,609.3
03/10/2015 06:37,Tropo,558
03/10/2015 06:48,Tropo,690.2
03/10/2015 06:51,Tropo,505.8
03/10/2015 06:52,Tropo,609.3
03/10/2015 06:58,Tropo,558
03/10/2015 07:01,Tropo,505.8
03/10/2015 07:01,Tropo,609.3
03/10/2015 07:16,Tropo,690.2
03/10/2015 07:22,Tropo,690.2
03/10/2015 07:27,Tropo,558
03/10/2015 08:13,Tropo,609.3
03/10/2015 11:07,Tropo,269.6
03/10/2015 12:31,Tropo,678.5
03/10/2015 16:36,Tropo,602
03/10/2015 16:37,Tropo,527.6
11/10/2015 07:55,Tropo,271.1
11/10/2015 08:18,Tropo,271.6
11/10/2015 19:44,Tropo,269.6
11/10/2015 19:44,Tropo,304.8
11/10/2015 20:11,Tropo,277.2
21/10/2015 01:51,MS,538.7
21/10/2015 06:44,MS,698.4
21/10/2015 12:35,Es,1322.9
21/10/2015 13:17,Es,1300.5
21/10/2015 13:26,Es,1168.3
21/10/2015 14:50,Es,1322.9
21/10/2015 21:34,Tropo,707.6
21/10/2015 22:18,Tropo,301.4
22/10/2015 21:18,Tropo,277.2
23/10/2015 09:18,Tropo,450.7
23/10/2015 09:21,Tropo,646.8
23/10/2015 09:27,Tropo,556
23/10/2015 09:31,Tropo,646.8
23/10/2015 09:41,Tropo,559.5
23/10/2015 09:44,Tropo,554.4
23/10/2015 09:47,Tropo,646.8
23/10/2015 10:27,Tropo,152.7
23/10/2015 10:32,Tropo,598
23/10/2015 10:40,Tropo,559.5
23/10/2015 10:45,Tropo,547.5
23/10/2015 10:55,Tropo,160.9
23/10/2015 12:13,Es,1209.7
23/10/2015 13:28,Tropo,669.7
23/10/2015 13:34,Tropo,436.9
23/10/2015 13:49,Tropo,728.5
23/10/2015 14:42,Tropo,571.2
23/10/2015 14:53,Tropo,547.5
23/10/2015 15:08,Tropo,439.1
23/10/2015 15:44,Tropo,559.5
23/10/2015 15:52,Tropo,534.2
23/10/2015 16:02,Tropo,487.3
23/10/2015 16:04,Tropo,536.9
23/10/2015 16:06,Tropo,669.7
23/10/2015 16:14,Tropo,560.9
23/10/2015 16:21,Tropo,669.7
23/10/2015 17:36,Tropo,675.1
23/10/2015 18:24,Tropo,589.4
23/10/2015 19:10,Tropo,698.4
23/10/2015 19:31,Tropo,559.5
23/10/2015 19:34,Tropo,698.4
23/10/2015 19:43,Tropo,502.3
23/10/2015 19:51,Tropo,560.9
23/10/2015 19:53,Tropo,644.9
23/10/2015 19:57,Tropo,779.5
23/10/2015 20:06,Tropo,569.8
23/10/2015 20:10,Tropo,601.3
23/10/2015 21:27,Tropo,711.1
23/10/2015 21:37,Tropo,612.8
25/10/2015 12:01,Es,1035.1
25/10/2015 12:03,Es,994.4
25/10/2015 12:03,Es,994.4
25/10/2015 12:04,Es,1017.2
25/10/2015 12:04,Es,1074.1
25/10/2015 12:07,Es,1043.3
25/10/2015 12:08,Es,845.7
25/10/2015 12:08,Es,1235
25/10/2015 12:17,Es,1322.9
26/10/2015 08:06,Tropo,304.8
31/10/2015 08:48,Tropo,337.7
31/10/2015 08:49,Tropo,261.5
31/10/2015 08:51,Tropo,269.6
31/10/2015 08:54,Tropo,277.2
31/10/2015 08:57,Tropo,271.6
31/10/2015 09:01,Tropo,310.5
31/10/2015 09:26,Tropo,310.5
31/10/2015 12:52,Tropo,405.9
31/10/2015 13:02,Tropo,271.1
31/10/2015 13:15,Tropo,459.1
31/10/2015 14:37,Tropo,331.3
31/10/2015 14:43,Tropo,375.6
31/10/2015 14:53,Tropo,434.1
31/10/2015 15:01,Tropo,416.4
31/10/2015 15:32,Tropo,271.6
31/10/2015 15:51,Tropo,23.2
31/10/2015 17:26,Tropo,135.5
01/11/2015 13:21,Tropo,130.2
01/11/2015 14:01,Tropo,334.3
01/11/2015 14:07,Tropo,226.9
02/11/2015 12:40,Es,1028.7
02/11/2015 19:19,Tropo,459.1
02/11/2015 19:20,Tropo,420.9
02/11/2015 19:35,Tropo,271.1
02/11/2015 19:38,Tropo,277.2
02/11/2015 19:57,Tropo,283.7
02/11/2015 20:01,Tropo,320.4
02/11/2015 20:05,Tropo,250.3
02/11/2015 20:08,Tropo,263.1
02/11/2015 20:27,Tropo,374.8
02/11/2015 20:32,Tropo,261.5
02/11/2015 20:44,Tropo,276.6
02/11/2015 20:47,Tropo,242.9
02/11/2015 20:56,Tropo,355.8
02/11/2015 21:11,Tropo,146.6
02/11/2015 21:19,Tropo,320.4
02/11/2015 21:41,Tropo,271.1
02/11/2015 21:48,Tropo,317.6
02/11/2015 22:46,Tropo,482.7
02/11/2015 22:53,Tropo,505.8
02/11/2015 23:31,Tropo,307
03/11/2015 00:31,Tropo,512.4
03/11/2015 00:55,Tropo,505.8
03/11/2015 01:00,Tropo,512.4
03/11/2015 01:30,Tropo,512.4
03/11/2015 01:44,Tropo,512.9
03/11/2015 01:49,Tropo,512.9
03/11/2015 01:53,Tropo,609.3
03/11/2015 02:00,Tropo,505.8
03/11/2015 02:00,Tropo,609.3
03/11/2015 20:55,Aur,961.4
03/11/2015 21:01,Aur,1048.6
04/11/2015 07:00,MS,726.8
08/11/2015 11:52,Tropo,451
08/11/2015 11:53,Tropo,487.3
08/11/2015 12:04,Tropo,482.7
08/11/2015 20:13,MS,185.3
15/11/2015 10:27,Tropo,304.8
17/11/2015 10:49,MS,776
17/11/2015 17:00,MS,726.8
18/11/2015 03:58,MS,776
18/11/2015 22:49,Aur,1048.6
18/11/2015 22:50,Aur,1112.1
18/11/2015 22:56,Aur,1134.9
18/11/2015 23:01,Aur,1134.9
18/11/2015 23:06,Aur,1267.2
18/11/2015 23:35,Aur,1096
19/11/2015 03:10,MS,542.5
19/11/2015 03:10,MS,604.1
19/11/2015 03:10,MS,647.4
19/11/2015 03:10,MS,669.7
19/11/2015 14:07,MS,870
01/12/2015 20:25,Tropo,598
01/12/2015 20:45,Tropo,594.1
01/12/2015 20:57,Tropo,537.6
01/12/2015 21:06,Tropo,581.7
05/12/2015 11:36,Tropo,416.4
05/12/2015 11:47,Tropo,277.2
05/12/2015 14:19,Tropo,436.9
05/12/2015 14:20,Tropo,436.9
05/12/2015 16:16,Tropo,331.3
05/12/2015 16:41,Tropo,337.7
05/12/2015 17:10,Tropo,337.7
05/12/2015 17:23,Tropo,445.6
14/12/2015 10:50,MS,764.7
14/12/2015 18:23,MS,527.3
14/12/2015 18:32,MS,675.1
18/12/2015 11:49,MS,875.7
20/12/2015 21:25,Aur,1386.1
20/12/2015 21:48,Aur,1253.1
20/12/2015 21:50,Aur,1134.9
20/12/2015 21:51,Aur,1166.2
20/12/2015 21:51,Aur,1166.2
20/12/2015 21:52,Aur,1166.2
20/12/2015 21:53,Aur,1303
20/12/2015 22:17,Aur,952.6
20/12/2015 22:31,Aur,1090.9
20/12/2015 22:34,Aur,611.4
20/12/2015 22:34,Aur,776
20/12/2015 22:34,Aur,1267.2
20/12/2015 22:37,Aur,713.3
20/12/2015 22:38,Aur,805.4
20/12/2015 22:38,Aur,1200.7
20/12/2015 22:41,Aur,757.8
23/12/2015 11:58,MS,875.7
30/12/2015 12:49,Es,1096
30/12/2015 12:52,Es,1162.2
30/12/2015 13:11,Es,1035.2
31/12/2015 07:22,MS,569.8
31/12/2015 07:22,MS,675.1
31/12/2015 23:55,Aur,1096
